,RegulatedEntityName,DonationsValue,DonationEvents,DonationMean,RegEntity_Group
0,A Minority Pastime Limited,6612.0,1,6612.0,Single Donation Entity
1,Abisola Ifasawo,1650.0,1,1650.0,Single Donation Entity
2,Alan Brown,5100.0,1,5100.0,Single Donation Entity
3,Alan Mak Mp,27693.61,9,3077.067777777778,Very Small Entity
4,Alec Shelbrooke,4860.0,2,2430.0,Very Small Entity
5,Alex Burghart,7800.0,1,7800.0,Single Donation Entity
6,Alex Salmond Mp,27431.97,4,6857.9925,Very Small Entity
7,Alex Sobel,1502.46,1,1502.46,Single Donation Entity
8,Alexander Stewart Msp,6000.0,1,6000.0,Single Donation Entity
9,Alison Mcgovern Mp,15677.09,8,1959.63625,Very Small Entity
10,All People'S Party,116899.47,16,7306.216875,Very Small Entity
11,Alliance For Green Socialism,9217.0,1,9217.0,Single Donation Entity
12,Alun Davies,2431.71,1,2431.71,Single Donation Entity
13,Amanda Milling Mp,2000.0,1,2000.0,Single Donation Entity
14,Andrea Jenkyns Mp,66307.86,13,5100.6046153846155,Very Small Entity
15,Andrew Bingham Mp,1840.0,1,1840.0,Single Donation Entity
16,Andrew Lewin,5000.0,1,5000.0,Single Donation Entity
17,Andrew Turner Mp,2500.0,1,2500.0,Single Donation Entity
18,Angela Burns,2000.0,1,2000.0,Single Donation Entity
19,Angela Eagle Mp,194891.42,14,13920.815714285714,Very Small Entity
20,Angela Smith Mp,2958.06,1,2958.06,Single Donation Entity
21,Ann Winterton Mp,4001.0,2,2000.5,Very Small Entity
22,Anna Mcmorrin,9232.43,2,4616.215,Very Small Entity
23,Anne Main Mp,4260.0,2,2130.0,Very Small Entity
24,Annie Wells Msp,2000.0,1,2000.0,Single Donation Entity
25,Another Europe Is Possible,15320.0,2,7660.0,Very Small Entity
26,Antoinette Sandbach,5748.0,2,2874.0,Very Small Entity
27,Ashfield Independents,8400.0,2,4200.0,Very Small Entity
28,Aspire,9872.880000000001,2,4936.4400000000005,Very Small Entity
29,Ben Bradley,36000.0,3,12000.0,Very Small Entity
30,Best For Our Future Ltd,848000.0,12,70666.66666666667,Very Small Entity
31,Beth Prescott,1650.0,1,1650.0,Single Donation Entity
32,Better Bedford Independent Party [De-Registered 20/09/11],27676.0,3,9225.333333333334,Very Small Entity
33,Better Together 2012 Ltd,2477746.0,47,52718.0,Very Small Entity
34,Better With Scotland,20723.5,1,20723.5,Single Donation Entity
35,Bleddyn William Vaughan Rees,1650.0,1,1650.0,Single Donation Entity
36,Blue Collar Conservatism Ltd,39000.0,5,7800.0,Very Small Entity
37,Bob Stewart Mp,18781.32,5,3756.264,Very Small Entity
38,Brendan O'Hara,9783.19,4,2445.7975,Very Small Entity
39,Brexit Express,1256032.54,7,179433.22,Very Small Entity
40,Brexit Express (Be),8851.2,3,2950.4,Very Small Entity
41,Britain Yearly Meeting Of The Religious Society Of Friends (Quakers),28500.0,4,7125.0,Very Small Entity
42,British Declaration Of Independence [The],16098.0,2,8049.0,Very Small Entity
43,British Institute Of Human Rights,5573.0,1,5573.0,Single Donation Entity
44,British National Party,266529.92,6,44421.65333333333,Very Small Entity
45,British National Party [De-Registered 08/01/16],1406959.32,142,9908.164225352113,Medium Entity
46,Business For Scotland Ltd,209120.0,8,26140.0,Very Small Entity
47,Byron Davies Mp,11946.0,2,5973.0,Very Small Entity
48,Callum Mccaig Mp,2075.0,1,2075.0,Single Donation Entity
49,Campaign For An Independent Britain,1450.0,1,1450.0,Single Donation Entity
50,Campaign For Nuclear Disarmament,16184.0,1,16184.0,Single Donation Entity
51,Cannabis Is Safer Than Alcohol [De-Registered 03/11/16],216115.54,69,3132.109275362319,Small Entity
52,Carlton Club,11500.0,1,11500.0,Single Donation Entity
53,Carlton Club Political Committee,750.0,1,750.0,Single Donation Entity
54,Carlton Club Political Dinner,600.0,1,600.0,Single Donation Entity
55,Caroline Ansell Mp,59176.45,5,11835.289999999999,Very Small Entity
56,Catherine West Mp,13737.17,5,2747.434,Very Small Entity
57,Centre For Labour & Social Studies (Class),93240.0,4,23310.0,Very Small Entity
58,Charlotte Leslie Mp,48681.43,14,3477.245,Very Small Entity
59,Charter 88,164031.96000000002,3,54677.32000000001,Very Small Entity
60,Chris Davies Mp,16749.9,3,5583.3,Very Small Entity
61,Chris Evans Mp,4837.0,1,4837.0,Single Donation Entity
62,Chris Law Mp,4634.68,1,4634.68,Single Donation Entity
63,Chris Leslie Mp,44614.81,9,4957.201111111111,Very Small Entity
64,Chris Stephens Mp,63336.0,3,21112.0,Very Small Entity
65,Chris Thorne,2000.0,1,2000.0,Single Donation Entity
66,Christian Matheson Mp,5685.0,2,2842.5,Very Small Entity
67,"Christian Party ""Proclaiming Christ'S Lordship"" [De-Registered 26/07/12]",835937.49,34,24586.39676470588,Very Small Entity
68,Christian Peoples Alliance,145808.49,85,1715.3939999999998,Small Entity
69,Christian Socialist Movement,5400.0,2,2700.0,Very Small Entity
70,Christians For Independence,100000.0,1,100000.0,Single Donation Entity
71,Christine Jardine,1891.21,1,1891.21,Single Donation Entity
72,Claire Clay,8940.0,1,8940.0,Single Donation Entity
73,Clare Haughey Msp,8453.0,2,4226.5,Very Small Entity
74,Cllr A. A. Craig,12100.0,11,1100.0,Very Small Entity
75,Cllr Clive Grunshaw,5000.0,2,2500.0,Very Small Entity
76,Cllr Derek Vaughan,3000.0,2,1500.0,Very Small Entity
77,Cllr Mark Bradshaw,5000.0,1,5000.0,Single Donation Entity
78,Cllr Sanchia Alasia,3520.0,2,1760.0,Very Small Entity
79,Cllr Simon Marcus,2000.0,1,2000.0,Single Donation Entity
80,Co-Operative Party,14922375.07,534,27944.522602996254,Medium Entity
81,Common Good,14000.0,1,14000.0,Single Donation Entity
82,Communist Party Of Britain,210166.46,15,14011.097333333333,Very Small Entity
83,Compass,64000.0,5,12800.0,Very Small Entity
84,Conor Mcginn Mp,8431.1,4,2107.775,Very Small Entity
85,Conservative And Unionist Party,372290123.46,20171,18456.701376233206,Conservative And Unionist Party
86,Conservative Christian Fellowship,1123627.54,33,34049.3193939394,Very Small Entity
87,Conservative Councillors' Association,53150.0,7,7592.857142857143,Very Small Entity
88,Conservative Friends Of India,62301.0,8,7787.625,Very Small Entity
89,Conservative Friends Of International Development,10000.0,1,10000.0,Single Donation Entity
90,Conservative Friends Of Pakistan,18900.0,3,6300.0,Very Small Entity
91,Conservative Friends Of Poland,10000.0,1,10000.0,Single Donation Entity
92,Conservative Friends Of The Chinese,11250.0,1,11250.0,Single Donation Entity
93,Conservative Group For Europe,188587.0,51,3697.7843137254904,Small Entity
94,Conservative Middle East Council,1551393.51,69,22483.963913043477,Small Entity
95,Conservative Muslim Forum,130410.0,15,8694.0,Very Small Entity
96,Conservative Rural Action Group,588911.0,6,98151.83333333333,Very Small Entity
97,Conservative Voice Limited,50000.0,3,16666.666666666668,Very Small Entity
98,Conservative/Unionist Members 1922 Committee,103500.0,10,10350.0,Very Small Entity
99,Conservatives For Change Ltd,189000.0,14,13500.0,Very Small Entity
100,Conservatives In Ltd,1798815.76,75,23984.210133333334,Small Entity
101,Constituency Campaigning Services Board,1976631.99,36,54906.44416666667,Very Small Entity
102,County Durham Council Supporters Club,5710.0,2,2855.0,Very Small Entity
103,Craig Mackinlay Mp,4500.0,2,2250.0,Very Small Entity
104,Craig Tracey Mp,2000.0,1,2000.0,Single Donation Entity
105,Craig Williams,7852.0599999999995,3,2617.353333333333,Very Small Entity
106,Cruelty Free International,600.0,1,600.0,Single Donation Entity
107,Cumbria Broadband Rural And Community Projects Limited,20145.0,3,6715.0,Very Small Entity
108,Dame Angela Watkinson Mp,13465.8,5,2693.16,Very Small Entity
109,Dame Anne Begg Mp,9754.33,3,3251.443333333333,Very Small Entity
110,Dame Louise Ellman Mp,11992.56,7,1713.222857142857,Very Small Entity
111,Dame Rosie Winterton Mp,9600.0,3,3200.0,Very Small Entity
112,Dan Carden,19412.75,3,6470.916666666667,Very Small Entity
113,Dan Jarvis Mp,245617.19,24,10234.049583333333,Very Small Entity
114,Daniel Johnson,6400.0,1,6400.0,Single Donation Entity
115,Daniel Poulter Mp,12500.0,1,12500.0,Single Donation Entity
116,Daniel Zeichner Mp,2998.65,1,2998.65,Single Donation Entity
117,David Jones Mp,14770.26,4,3692.565,Very Small Entity
118,David Linden,1989.48,1,1989.48,Single Donation Entity
119,David Mackintosh Mp,8037.0,3,2679.0,Very Small Entity
120,David Morris Mp,84893.67,24,3537.23625,Very Small Entity
121,David Nuttall Mp,2179.18,1,2179.18,Single Donation Entity
122,Dawn Butler Mp,17147.0,3,5715.666666666667,Very Small Entity
123,Ddb Uk Limited,191000.0,7,27285.714285714286,Very Small Entity
124,Deep Blue,2500.0,1,2500.0,Single Donation Entity
125,Deidre Brock,4400.0,2,2200.0,Very Small Entity
126,Democracy 2015 [De-Registered 01/11/14],19114.739999999998,4,4778.6849999999995,Very Small Entity
127,Democracy Movement,845614.52,4,211403.63,Very Small Entity
128,Derek Thomas,17821.0,2,8910.5,Very Small Entity
129,Don'T Cook Party [De-Registered 20/06/14],75000.0,2,37500.0,Very Small Entity
130,Douglas Ross Msp,2000.0,1,2000.0,Single Donation Entity
131,Dr Alasdair Mcdonnell Mp,3500.0,1,3500.0,Single Donation Entity
132,Dr Andrew Murrison Mp,24850.0,9,2761.1111111111113,Very Small Entity
133,Dr Ashok Kumar Mp,18882.8,7,2697.542857142857,Very Small Entity
134,Dr Brian Iddon Mp,10345.2,2,5172.6,Very Small Entity
135,Dr Caroline Lucas Mp,200740.0,21,9559.047619047618,Very Small Entity
136,Dr Charles Tannock Mep,17584.87,5,3516.9739999999997,Very Small Entity
137,Dr Desmond Turner Mp,2342.39,1,2342.39,Single Donation Entity
138,Dr Gavin Strang,5245.2,1,5245.2,Single Donation Entity
139,Dr Gregg Mcclymont Mp,2025.0,1,2025.0,Single Donation Entity
140,Dr Howard Stoate Mp,10745.2,2,5372.6,Very Small Entity
141,Dr Julian Huppert Mp,43034.0,3,14344.666666666666,Very Small Entity
142,Dr Laurence Carmichael,2000.0,1,2000.0,Single Donation Entity
143,Dr Lewis Moonie,5245.2,1,5245.2,Single Donation Entity
144,Dr Lisa Cameron Mp,25181.78,7,3597.3971428571426,Very Small Entity
145,Dr Lynne Jones Mp,6415.2,2,3207.6,Very Small Entity
146,Dr Matthew Offord Mp,24749.7,10,2474.9700000000003,Very Small Entity
147,Dr Phillip Lee Mp,50853.479999999996,11,4623.043636363636,Very Small Entity
148,Dr Phyllis Starkey Mp,2000.0,1,2000.0,Single Donation Entity
149,Dr Robert Spink,15006.5,4,3751.625,Very Small Entity
150,Dr Rudi Vis,5245.2,1,5245.2,Single Donation Entity
151,Dr Stella Creasy Mp,14832.0,4,3708.0,Very Small Entity
152,Dr Stephen Ladyman Mp,14100.0,4,3525.0,Very Small Entity
153,Dr Tania Mathias,19500.0,4,4875.0,Very Small Entity
154,Dr Thérèse Coffey Mp,33574.09,4,8393.5225,Very Small Entity
155,Duma Polska = Polish Pride,58600.0,22,2663.6363636363635,Very Small Entity
156,East Herts People [De-Registered 05/11/13],22047.71,2,11023.855,Very Small Entity
157,Economists For Brexit,60000.0,4,15000.0,Very Small Entity
158,Economists For Remain,22565.0,1,22565.0,Single Donation Entity
159,Edward Argar Mp,13217.0,4,3304.25,Very Small Entity
160,Elizabeth Savage,2187.55,1,2187.55,Single Donation Entity
161,English Democrats,99000.0,11,9000.0,Very Small Entity
162,European Movement Of The Uk Ltd,546239.0,54,10115.537037037036,Small Entity
163,European Research Group (Erg),10000.0,1,10000.0,Single Donation Entity
164,Fabian Society,14300.0,2,7150.0,Very Small Entity
165,Fair Pay Fair Trade Party [De-Registered 27/07/09],16040.0,2,8020.0,Very Small Entity
166,Flick Drummond Mp,2800.0,1,2800.0,Single Donation Entity
167,Focus On Scotland,649240.0,34,19095.29411764706,Very Small Entity
168,Forward Wales [De-Registered 16/03/10],55662.5,11,5060.227272727273,Very Small Entity
169,Freedom And Responsibility [De-Registered 07/06/11],28286.11,10,2828.611,Very Small Entity
170,Friends Of Northumberland County (Fonc),5000.0,1,5000.0,Single Donation Entity
171,Friends Of The Earth Trust,60000.0,2,30000.0,Very Small Entity
172,Fulham Group [De-Registered 04/11/15],25000.0,1,25000.0,Single Donation Entity
173,Gareth Thomas Mp,8500.0,3,2833.3333333333335,Very Small Entity
174,Gareth Wallace,1650.0,1,1650.0,Single Donation Entity
175,Gary Godden,5211.72,1,5211.72,Single Donation Entity
176,Gavin Newlands Mp,5100.0,1,5100.0,Single Donation Entity
177,Gavin Williamson,30000.0,2,15000.0,Very Small Entity
178,George Eustice Mp,2000.0,1,2000.0,Single Donation Entity
179,Gillian Keegan,1948.13,1,1948.13,Single Donation Entity
180,Global Britain Limited,470520.89,3,156840.29666666666,Very Small Entity
181,Glyn Davies Mp,1768.0,1,1768.0,Single Donation Entity
182,Go Movement Ltd,45025.92,5,9005.184,Very Small Entity
183,Gordon Matheson,26045.89,3,8681.963333333333,Very Small Entity
184,Graham Brady Mp,42945.42,7,6135.0599999999995,Very Small Entity
185,Grassroots Out Ltd,2611474.76,18,145081.9311111111,Very Small Entity
186,Green Party,3969318.85,920,4314.477010869566,Medium Entity
187,Green-Leaves,20000.0,2,10000.0,Very Small Entity
188,Gwyn Prosser Mp,5245.2,1,5245.2,Single Donation Entity
189,Hannah Bardell Mp,7437.09,2,3718.545,Very Small Entity
190,Hatch Connect Uk Ltd,70000.0,6,11666.666666666666,Very Small Entity
191,Heidi Allen,5000.0,1,5000.0,Single Donation Entity
192,Helen Whately Mp,9954.0,3,3318.0,Very Small Entity
193,Henry Smith Mp,37084.8,9,4120.533333333334,Very Small Entity
194,Hope Not Hate Ltd,571343.0,23,24841.0,Very Small Entity
195,Howard'S End Ltd,8000.0,1,8000.0,Single Donation Entity
196,Ian Mearns Mp,68082.0,4,17020.5,Very Small Entity
197,Imaginexit Limited,50000.0,5,10000.0,Very Small Entity
198,Independent Kidderminster Hospital And Health Concern,31949.0,8,3993.625,Very Small Entity
199,Independent Labour Group [De-Registered 03/11/16],8000.0,1,8000.0,Single Donation Entity
200,Islington Labour Group,24000.0,2,12000.0,Very Small Entity
201,Jack Dromey Mp,5000.0,1,5000.0,Single Donation Entity
202,Jack Lopresti Mp,41933.26,11,3812.114545454546,Very Small Entity
203,James Cleverly Mp,31969.35,8,3996.16875,Very Small Entity
204,James Davies Mp,2500.0,1,2500.0,Single Donation Entity
205,James Morris Mp,67200.0,6,11200.0,Very Small Entity
206,Jamie Greene Msp,8000.0,2,4000.0,Very Small Entity
207,Jamie Reed Mp,4539.5,2,2269.75,Very Small Entity
208,Jane Dodds,3529.41,2,1764.705,Very Small Entity
209,Jeff Smith Mp,15168.82,3,5056.2733333333335,Very Small Entity
210,Jenny Gilruth Msp,8579.26,1,8579.26,Single Donation Entity
211,Jenny Rathbone,2431.71,1,2431.71,Single Donation Entity
212,Jeremy Balfour,6500.0,1,6500.0,Single Donation Entity
213,Jeremy Peter Middleton,2000.0,1,2000.0,Single Donation Entity
214,Jess Phillips Mp,46656.75,5,9331.35,Very Small Entity
215,Jo Churchill Mp,5100.0,1,5100.0,Single Donation Entity
216,Jo Stevens Mp,3800.0,1,3800.0,Single Donation Entity
217,Joan Ryan Mp,58966.6,14,4211.9,Very Small Entity
218,John Bell,1600.0,1,1600.0,Single Donation Entity
219,Johnny Mercer Mp,35062.8,13,2697.138461538462,Very Small Entity
220,Jonathan Ashworth Mp,9050.0,2,4525.0,Very Small Entity
221,Judith Cummins,3033.5,2,1516.75,Very Small Entity
222,Julian Knight Mp,10867.0,1,10867.0,Single Donation Entity
223,Jury Team [De-Registered 09/05/11],69500.29000000001,5,13900.058,Very Small Entity
224,Karin Smyth Mp,3124.55,1,3124.55,Single Donation Entity
225,Karl Mccartney Mp,10397.0,1,10397.0,Single Donation Entity
226,Karl Turner Mp,9846.0,4,2461.5,Very Small Entity
227,Kate Green Mp,49005.0,5,9801.0,Very Small Entity
228,Kate Hollern Mp,14359.0,2,7179.5,Very Small Entity
229,Kate Osamor Mp,12200.33,4,3050.0825,Very Small Entity
230,Kevan Jones Mp,32611.25,7,4658.75,Very Small Entity
231,Kevin Foster Mp,14080.39,3,4693.463333333333,Very Small Entity
232,Kieran Mullan,5000.0,1,5000.0,Single Donation Entity
233,Kwasi Kwarteng Mp,47253.74,16,2953.35875,Very Small Entity
234,Labour Campaign For Human Rights,58334.0,5,11666.8,Very Small Entity
235,Labour For A Public-Vote,205375.0,13,15798.076923076924,Very Small Entity
236,Labour Leave Limited,375000.0,9,41666.666666666664,Very Small Entity
237,Labour Network In England Ltd,10000.0,1,10000.0,Single Donation Entity
238,Labour No To Av,200995.49000000002,3,66998.49666666667,Very Small Entity
239,Labour Party,285004466.06,17973,15857.367499026317,Labour Party
240,Labour People Ltd,70000.0,7,10000.0,Very Small Entity
241,Labour Together,206000.0,8,25750.0,Very Small Entity
242,Labour Tomorrow Ltd,335400.0,9,37266.666666666664,Very Small Entity
243,Labour Tribune Mps Group,35000.0,3,11666.666666666666,Very Small Entity
244,Labour Women'S Network,51090.0,7,7298.571428571428,Very Small Entity
245,Laura Evans,2000.0,1,2000.0,Single Donation Entity
246,Layla Moran,1948.13,1,1948.13,Single Donation Entity
247,League Against Cruel Sports (Uk) Limited,10500.0,17,617.6470588235294,Very Small Entity
248,Leave.Eu Group Ltd,6400599.0,3,2133533.0,Very Small Entity
249,Leeds Liberal Democrat Federation,3000.0,1,3000.0,Single Donation Entity
250,Left List [De-Registered 20/04/10],15200.0,9,1688.888888888889,Very Small Entity
251,Legalise Cannabis Alliance [De-Registered 21/11/06],35500.0,13,2730.769230769231,Very Small Entity
252,Leo Docherty,33974.85,6,5662.474999999999,Very Small Entity
253,Let'S Stay Together,111501.0,8,13937.625,Very Small Entity
254,Lgbtory,10000.0,1,10000.0,Single Donation Entity
255,Liberal Democrat Friends Of Israel,43000.0,5,8600.0,Very Small Entity
256,Liberal Democrats,73972852.99,11891,6220.911024304095,Liberal Democrats
257,Liberal Democrats Parliamentary Party,135495.39,6,22582.565000000002,Very Small Entity
258,Life,12569.02,3,4189.673333333333,Very Small Entity
259,Lilian Greenwood,6767.62,4,1691.905,Very Small Entity
260,Liverpool Labour Group,30000.0,2,15000.0,Very Small Entity
261,Liz Kendall Mp,174075.0,27,6447.222222222223,Very Small Entity
262,Liz Mcinnes Mp,2439.0,1,2439.0,Single Donation Entity
263,Liz Saville Roberts,38665.4,7,5523.628571428571,Very Small Entity
264,Llyr Gruffydd Am,2431.71,1,2431.71,Single Donation Entity
265,London And Northern Dining Club,10000.0,1,10000.0,Single Donation Entity
266,London First,10000.0,1,10000.0,Single Donation Entity
267,Lord Nicholas Bethell Mep,3933.9,1,3933.9,Single Donation Entity
268,Lord Richard Inglewood,13036.8,3,4345.599999999999,Very Small Entity
269,Lorely Burt Mp,3430.0,1,3430.0,Single Donation Entity
270,Louise Haigh Mp,2900.0,1,2900.0,Single Donation Entity
271,Lucy Frazer Mp,10867.0,1,10867.0,Single Donation Entity
272,Maggie Throup Mp,9232.58,4,2308.145,Very Small Entity
273,Mandy Jones Am,2431.71,1,2431.71,Single Donation Entity
274,Marcus Fysh,2574.0,1,2574.0,Single Donation Entity
275,Maria Caulfield Mp,4500.0,2,2250.0,Very Small Entity
276,Mark Garnier Mp,22267.09,5,4453.418,Very Small Entity
277,Mark Macmillan,2000.0,1,2000.0,Single Donation Entity
278,Mark Menzies Mp,89791.21,23,3903.9656521739134,Very Small Entity
279,Mark Pawsey Mp,9444.07,3,3148.023333333333,Very Small Entity
280,Mark Spencer Mp,3000.0,1,3000.0,Single Donation Entity
281,Martyn Underhill,30000.0,1,30000.0,Single Donation Entity
282,Mary Fee Msp,2200.0,1,2200.0,Single Donation Entity
283,Matthew Vickers,2000.0,1,2000.0,Single Donation Entity
284,Maurice Golden Msp,2000.0,1,2000.0,Single Donation Entity
285,Mebyon Kernow - The Party For Cornwall,9410.9,4,2352.725,Very Small Entity
286,Melanie Onn,16300.0,2,8150.0,Very Small Entity
287,Mhairi Black Mp,2851.0,1,2851.0,Single Donation Entity
288,Michael Tomlinson Mp,15573.91,3,5191.303333333333,Very Small Entity
289,Michelle Donelan Mp,125383.14,23,5451.440869565217,Very Small Entity
290,Michelle Ovens Ltd,195000.0,3,65000.0,Very Small Entity
291,Mike Wood Mp,2500.0,1,2500.0,Single Donation Entity
292,Miriam Cates,2000.0,1,2000.0,Single Donation Entity
293,Miss Anne Mcintosh Mp,5245.2,1,5245.2,Single Donation Entity
294,Miss Christine Mccafferty Mp,4811.98,1,4811.98,Single Donation Entity
295,Miss Kate Forbes,1700.0,1,1700.0,Single Donation Entity
296,Momentum,48258.46,4,12064.615,Very Small Entity
297,Movement For Change,1503953.6,44,34180.76363636364,Very Small Entity
298,Mr Adam Holloway Mp,31341.0,11,2849.181818181818,Very Small Entity
299,Mr Adam Price Mp,13345.2,3,4448.400000000001,Very Small Entity
300,Mr Adrian Bailey Mp,4973.39,1,4973.39,Single Donation Entity
301,Mr Adrian Sanders Mp,5500.0,2,2750.0,Very Small Entity
302,Mr Afzal Amin,1600.0,1,1600.0,Single Donation Entity
303,Mr Afzal Khan,4323.0,2,2161.5,Very Small Entity
304,Mr Aidan Burley Mp,11400.0,3,3800.0,Very Small Entity
305,Mr Alan Meale Mp,12245.2,2,6122.6,Very Small Entity
306,Mr Alan Waltham,2500.0,1,2500.0,Single Donation Entity
307,Mr Albert Owen Mp,2453.15,1,2453.15,Single Donation Entity
308,Mr Alex Cunningham Mp,5000.0,1,5000.0,Single Donation Entity
309,Mr Alex Rowley Msp,7000.0,2,3500.0,Very Small Entity
310,Mr Alistair Carmichael Mp,82394.34999999999,12,6866.195833333332,Very Small Entity
311,Mr Alok Sharma Mp,17827.57,5,3565.514,Very Small Entity
312,Mr Alun Cairns Mp,35420.95,8,4427.61875,Very Small Entity
313,Mr Alun Craig Williams,1600.0,1,1600.0,Single Donation Entity
314,Mr Anas Sarwar Mp,171191.43,11,15562.857272727271,Very Small Entity
315,Mr Andrew Bowie,4650.0,2,2325.0,Very Small Entity
316,Mr Andrew Bridgen Mp,7500.0,3,2500.0,Very Small Entity
317,Mr Andrew Dismore Mp,6445.2,2,3222.6,Very Small Entity
318,Mr Andrew Duff Mep,3933.9,1,3933.9,Single Donation Entity
319,Mr Andrew George Mp,11441.22,5,2288.2439999999997,Very Small Entity
320,Mr Andrew Griffiths Mp,12000.0,2,6000.0,Very Small Entity
321,Mr Andrew Gwynne Mp,50019.36,14,3572.8114285714287,Very Small Entity
322,Mr Andrew Love Mp,10733.0,4,2683.25,Very Small Entity
323,Mr Andrew Miller Mp,16753.2,5,3350.6400000000003,Very Small Entity
324,Mr Andrew Milligan,1650.0,1,1650.0,Single Donation Entity
325,Mr Andrew Mitchell Mp,626163.24,86,7280.967906976744,Small Entity
326,Mr Andrew Palmer Kerr Msp,9880.0,4,2470.0,Very Small Entity
327,Mr Andrew Percy Mp,29239.0,11,2658.090909090909,Very Small Entity
328,Mr Andrew Perry Mp,4000.0,1,4000.0,Single Donation Entity
329,Mr Andrew Rosindell Mp,182416.24,63,2895.495873015873,Small Entity
330,Mr Andrew Selous Mp,8000.0,1,8000.0,Single Donation Entity
331,Mr Andrew Stephenson Mp,34307.21,8,4288.40125,Very Small Entity
332,Mr Andrew Tyrie Mp,21800.0,3,7266.666666666667,Very Small Entity
333,Mr Andy Mcdonald Mp,106485.5,8,13310.6875,Very Small Entity
334,Mr Andy Reed Mp,3757.08,2,1878.54,Very Small Entity
335,Mr Andy Slaughter Mp,18569.52,5,3713.904,Very Small Entity
336,Mr Andy Street,483773.33,75,6450.311066666667,Small Entity
337,Mr Angus Macdonald,28780.0,2,14390.0,Very Small Entity
338,Mr Angus Macneil Mp,21796.48,5,4359.296,Very Small Entity
339,Mr Anthony Cox,12500.0,2,6250.0,Very Small Entity
340,Mr Anthony Rowlands,1250.0,1,1250.0,Single Donation Entity
341,Mr Anthony Wright,6167.0,2,3083.5,Very Small Entity
342,Mr Archie Norman,10345.2,2,5172.6,Very Small Entity
343,Mr Archy Kirkwood,5245.2,1,5245.2,Single Donation Entity
344,Mr Austin Mitchell Mp,4000.0,1,4000.0,Single Donation Entity
345,Mr Bambos Charalambous,4429.58,2,2214.79,Very Small Entity
346,Mr Barry Gardiner Mp,536896.48,50,10737.9296,Very Small Entity
347,Mr Barry Sheerman Mp,15107.849999999999,4,3776.9624999999996,Very Small Entity
348,Mr Bashir Khanbhai,3933.9,1,3933.9,Single Donation Entity
349,Mr Ben Chapman Mp,9139.0,3,3046.3333333333335,Very Small Entity
350,Mr Ben Gummer Mp,7289.19,2,3644.595,Very Small Entity
351,Mr Ben Houchen,23300.0,6,3883.3333333333335,Very Small Entity
352,Mr Ben Howlett,3042.5,1,3042.5,Single Donation Entity
353,Mr Ben Wallace Mp,3500.0,1,3500.0,Single Donation Entity
354,Mr Benjamin Charles Tudor Jeffreys,2000.0,1,2000.0,Single Donation Entity
355,Mr Bernard Jenkin Mp,49185.94,3,16395.313333333335,Very Small Entity
356,Mr Bill Bowman,2200.0,1,2200.0,Single Donation Entity
357,Mr Bill Butler Msp,1500.0,1,1500.0,Single Donation Entity
358,Mr Bill Esterson Mp,38900.0,7,5557.142857142857,Very Small Entity
359,Mr Bill Miller,3933.9,1,3933.9,Single Donation Entity
360,Mr Bill Newton Dunn Mep,7867.8,2,3933.9,Very Small Entity
361,Mr Bill Olner Mp,4234.0,2,2117.0,Very Small Entity
362,Mr Bill Rammell,10345.2,2,5172.6,Very Small Entity
363,Mr Bill Tynan,5245.2,1,5245.2,Single Donation Entity
364,Mr Bill Wiggin Mp,12000.0,3,4000.0,Very Small Entity
365,Mr Bim Afolami,2000.0,1,2000.0,Single Donation Entity
366,Mr Bob Blackman Mp,88130.83,24,3672.1179166666666,Very Small Entity
367,Mr Bob Blizzard Mp,17445.2,6,2907.5333333333333,Very Small Entity
368,Mr Bob Seely,2950.0,1,2950.0,Single Donation Entity
369,Mr Boris Johnson Mp,1514047.13,141,10737.922907801418,Medium Entity
370,Mr Brandon Lewis Mp,268390.38,46,5834.57347826087,Very Small Entity
371,Mr Brian Binley Mp,7324.92,3,2441.64,Very Small Entity
372,Mr Brian Donohoe Mp,34866.130000000005,9,3874.014444444445,Very Small Entity
373,Mr Brian Simpson,25758.9,12,2146.5750000000003,Very Small Entity
374,Mr Brian White Mp,5245.2,1,5245.2,Single Donation Entity
375,Mr Brooks Newmark Mp,9070.33,3,3023.443333333333,Very Small Entity
376,Mr Carwyn Jones Am,6367.53,4,1591.8825,Very Small Entity
377,Mr Charles Hendry Mp,9845.2,4,2461.3,Very Small Entity
378,Mr Charlie Elphicke,5700.0,3,1900.0,Very Small Entity
379,Mr Chris Bryant Mp,12759.0,6,2126.5,Very Small Entity
380,Mr Chris Heaton-Harris Mp,13697.55,4,3424.3875,Very Small Entity
381,Mr Chris Huhne Mp,130190.56,34,3829.1341176470587,Very Small Entity
382,Mr Chris Kelly Mp,16586.66,6,2764.443333333333,Very Small Entity
383,Mr Chris Mole Mp,1425.0,1,1425.0,Single Donation Entity
384,Mr Chris Pond,5245.2,1,5245.2,Single Donation Entity
385,Mr Chris Skidmore Mp,3600.0,1,3600.0,Single Donation Entity
386,Mr Chris White Mp,2200.0,1,2200.0,Single Donation Entity
387,Mr Christopher Beazley Mep,3933.9,1,3933.9,Single Donation Entity
388,Mr Christopher Green,34216.82,4,8554.205,Very Small Entity
389,Mr Christopher Heaton-Harris Mep,3933.9,1,3933.9,Single Donation Entity
390,Mr Christopher Pincher,7143.0,3,2381.0,Very Small Entity
391,Mr Christopher Pincher Mp,10775.0,3,3591.6666666666665,Very Small Entity
392,Mr Christopher Ruane Mp,12045.2,3,4015.066666666667,Very Small Entity
393,Mr Chuka Umunna Mp,286778.16,33,8690.247272727273,Very Small Entity
394,Mr Clive Betts Mp,10345.2,2,5172.6,Very Small Entity
395,Mr Clive Lewis Mp,121033.0,17,7119.588235294118,Very Small Entity
396,Mr Colin Burgon Mp,3674.35,3,1224.7833333333333,Very Small Entity
397,Mr Colin Challen Mp,7630.0,4,1907.5,Very Small Entity
398,Mr Colin Edward Breed Mp,11595.2,3,3865.066666666667,Very Small Entity
399,Mr Conor Burns Mp,24734.75,9,2748.3055555555557,Very Small Entity
400,Mr Craig Whittaker Mp,22240.73,7,3177.247142857143,Very Small Entity
401,Mr Crispin Jeremy Rupert Blunt Mp,132516.11,34,3897.532647058823,Very Small Entity
402,Mr Damian Collins Mp,13940.0,4,3485.0,Very Small Entity
403,Mr Damian Green Mp,1563.5,1,1563.5,Single Donation Entity
404,Mr Damien Egan,4000.0,1,4000.0,Single Donation Entity
405,Mr Damien Moore,20772.82,5,4154.564,Very Small Entity
406,Mr Dan Norris,9484.2,2,4742.1,Very Small Entity
407,Mr Daniel Byles Mp,5921.469999999999,2,2960.7349999999997,Very Small Entity
408,Mr Daniel Hannan,3933.9,1,3933.9,Single Donation Entity
409,Mr Daniel Kawczynski Mp,62387.78,18,3465.987777777778,Very Small Entity
410,Mr Darren Grimes,1350630.3599999999,8,168828.79499999998,Very Small Entity
411,Mr Darren Jones,49992.65,5,9998.53,Very Small Entity
412,Mr Darren Millar,6186.0,3,2062.0,Very Small Entity
413,Mr Dave Watts Mp,20167.370000000003,4,5041.842500000001,Very Small Entity
414,Mr David Anderson Mp,25812.6,10,2581.2599999999998,Very Small Entity
415,Mr David Borrow Mp,1199.69,1,1199.69,Single Donation Entity
416,Mr David Burrowes Mp,2276.0,1,2276.0,Single Donation Entity
417,Mr David Cairns Mp,11338.52,5,2267.704,Very Small Entity
418,Mr David Campbell Bannerman,1501.0,1,1501.0,Single Donation Entity
419,Mr David Chaytor Mp,15345.2,3,5115.066666666667,Very Small Entity
420,Mr David Chidgey Mp,5245.2,1,5245.2,Single Donation Entity
421,Mr David Clelland Mp,6845.2,2,3422.6,Very Small Entity
422,Mr David Davies Mp,4199.98,2,2099.99,Very Small Entity
423,Mr David Gauke Mp,22704.67,1,22704.67,Single Donation Entity
424,Mr David Gold,2000.0,1,2000.0,Single Donation Entity
425,Mr David Hamilton Mp,18241.2,5,3648.2400000000002,Very Small Entity
426,Mr David Heath Mp,5353.0,2,2676.5,Very Small Entity
427,Mr David Laurie Ruffley Mp,68450.89,12,5704.240833333333,Very Small Entity
428,Mr David Marshall Mp,10345.2,2,5172.6,Very Small Entity
429,Mr David Martin,3933.9,1,3933.9,Single Donation Entity
430,Mr David Rutley Mp,2490.0,1,2490.0,Single Donation Entity
431,Mr David Stewart,1620.0,1,1620.0,Single Donation Entity
432,Mr David Sumberg Mep,7758.9,2,3879.45,Very Small Entity
433,Mr David Tredinnick Mp,3025.0,1,3025.0,Single Donation Entity
434,Mr David Warburton,144516.0,19,7606.105263157895,Very Small Entity
435,Mr Dean Lockhart,2000.0,1,2000.0,Single Donation Entity
436,Mr Denis Murphy Mp,15500.0,3,5166.666666666667,Very Small Entity
437,Mr Dennis Turner,1500.0,1,1500.0,Single Donation Entity
438,Mr Derek Wyatt Mp,44255.39,15,2950.3593333333333,Very Small Entity
439,Mr Dominic Raab Mp,254478.37,30,8482.612333333333,Very Small Entity
440,Mr Doug Naysmith Mp,3595.4,1,3595.4,Single Donation Entity
441,Mr Douglas Carswell Mp,2000.0,1,2000.0,Single Donation Entity
442,Mr Douglas Henderson Mp,6246.2,2,3123.1,Very Small Entity
443,Mr Duncan Hames,5000.0,1,5000.0,Single Donation Entity
444,Mr Duncan Hames Mp,6003.0,2,3001.5,Very Small Entity
445,Mr Eddie Hughes,7277.5,2,3638.75,Very Small Entity
446,Mr Edward Davey Mp,14607.0,6,2434.5,Very Small Entity
447,Mr Edward Izzard,16500.0,2,8250.0,Very Small Entity
448,Mr Edward Mcmillan-Scott Mep,3933.9,1,3933.9,Single Donation Entity
449,Mr Edward Timpson Mp,862423.03,15,57494.86866666667,Very Small Entity
450,Mr Edward Vaizey Mp,16274.79,5,3254.958,Very Small Entity
451,Mr Eric Illsley,10245.2,2,5122.6,Very Small Entity
452,Mr Eric Joyce Mp,14031.970000000001,5,2806.3940000000002,Very Small Entity
453,Mr Fabian Hamilton Mp,4535.68,2,2267.84,Very Small Entity
454,Mr Faisal Rashid,7022.17,2,3511.085,Very Small Entity
455,Mr Floyd Millen,1500.0,2,750.0,Very Small Entity
456,Mr Frank Cook Mp,8245.2,2,4122.6,Very Small Entity
457,Mr Frank Doran Mp,5245.2,1,5245.2,Single Donation Entity
458,Mr Frank Roy Mp,11770.2,3,3923.4,Very Small Entity
459,Mr Franklin Roe,2500.0,1,2500.0,Single Donation Entity
460,Mr Fraser Kemp Mp,6653.4,2,3326.7,Very Small Entity
461,Mr Gareth Johnson Mp,3920.0,2,1960.0,Very Small Entity
462,Mr Gareth R Thomas Mp,15301.0,3,5100.333333333333,Very Small Entity
463,Mr Gary Nicholas Streeter Mp,18033.2,4,4508.3,Very Small Entity
464,Mr Gary Titley,15258.9,4,3814.725,Very Small Entity
465,Mr Gavin Shuker Mp,2950.0,1,2950.0,Single Donation Entity
466,Mr Geoffrey Clifton-Brown Mp,31185.69,9,3465.0766666666664,Very Small Entity
467,Mr Geoffrey Van Orden,3933.9,1,3933.9,Single Donation Entity
468,Mr George Ferguson,4589.0,2,2294.5,Very Small Entity
469,Mr George Foulkes,5245.2,1,5245.2,Single Donation Entity
470,Mr George Galloway Mp,4782.35,2,2391.175,Very Small Entity
471,Mr George Hollingbery Mp,3000.0,1,3000.0,Single Donation Entity
472,Mr George Iain Duncan-Smith,100007.5,18,5555.972222222223,Very Small Entity
473,Mr George Mudie Mp,4500.0,1,4500.0,Single Donation Entity
474,Mr Gerry Sutcliffe Mp,3500.0,1,3500.0,Single Donation Entity
475,Mr Glyn Ford Mep,29000.0,5,5800.0,Very Small Entity
476,Mr Gordon Birtwistle Mp,13471.59,3,4490.53,Very Small Entity
477,Mr Gordon Henderson Mp,2000.0,1,2000.0,Single Donation Entity
478,Mr Graham Allen Mp,2634.0,1,2634.0,Single Donation Entity
479,Mr Graham Evans Mp,16319.92,3,5439.973333333333,Very Small Entity
480,Mr Graham Jones Mp,16125.0,5,3225.0,Very Small Entity
481,Mr Graham Stringer Mp,9779.08,4,2444.77,Very Small Entity
482,Mr Graham Stuart Mp,39602.04,13,3046.3107692307694,Very Small Entity
483,Mr Graham Watson Mep,3933.9,1,3933.9,Single Donation Entity
484,Mr Grahame Morris Mp,7200.110000000001,3,2400.036666666667,Very Small Entity
485,Mr Greg Mulholland Mp,4043.59,2,2021.795,Very Small Entity
486,Mr Greg Pope Mp,5100.0,1,5100.0,Single Donation Entity
487,Mr Guto Bebb Mp,30984.66,8,3873.0825,Very Small Entity
488,Mr Guy Opperman Mp,28184.239999999998,9,3131.582222222222,Very Small Entity
489,Mr Hanzala Malik Msp,6500.0,1,6500.0,Single Donation Entity
490,Mr Harry Cohen Mp,5245.2,1,5245.2,Single Donation Entity
491,Mr Henry Bellingham Mp,5245.2,1,5245.2,Single Donation Entity
492,Mr Henry Porter,53350.0,5,10670.0,Very Small Entity
493,Mr Howard Flight,5245.2,1,5245.2,Single Donation Entity
494,Mr Hugh Gaffney,3000.0,1,3000.0,Single Donation Entity
495,Mr Humfrey Malins Cbe Mp,5245.2,1,5245.2,Single Donation Entity
496,Mr Huw Irranca-Davies Mp,2421.47,1,2421.47,Single Donation Entity
497,Mr Huw Lewis Am,10000.0,1,10000.0,Single Donation Entity
498,Mr Iain Carter,2500.0,1,2500.0,Single Donation Entity
499,Mr Iain Gray Msp,3500.0,2,1750.0,Very Small Entity
500,Mr Iain Stewart,5202.0,3,1734.0,Very Small Entity
501,Mr Iain Stewart Mp,28693.12,10,2869.312,Very Small Entity
502,Mr Iain Wright Mp,19828.64,7,2832.662857142857,Very Small Entity
503,Mr Ian Austin Mp,63783.0,13,4906.384615384615,Very Small Entity
504,Mr Ian Davidson Mp,8545.2,2,4272.6,Very Small Entity
505,Mr Ian Hudghton,3933.9,1,3933.9,Single Donation Entity
506,Mr Ian Lavery Mp,10604.14,3,3534.713333333333,Very Small Entity
507,Mr Ian Liddell-Grainger Mp,8634.41,2,4317.205,Very Small Entity
508,Mr Ian Lucas Mp,32231.97,10,3223.197,Very Small Entity
509,Mr Ian Murray Mp,6310.1,2,3155.05,Very Small Entity
510,Mr Ian Swales Mp,4300.0,1,4300.0,Single Donation Entity
511,Mr Ian Taylor Mbe Mp,13855.2,5,2771.04,Very Small Entity
512,Mr Imran Hussain Mp,9397.24,4,2349.31,Very Small Entity
513,Mr Ivan Lewis Mp,112463.43,26,4325.516538461538,Very Small Entity
514,Mr Jack Rankin,2000.0,1,2000.0,Single Donation Entity
515,Mr Jackson Carlaw,2200.0,1,2200.0,Single Donation Entity
516,Mr Jake Berry Mp,7500.0,2,3750.0,Very Small Entity
517,Mr James Bovan Mep,3933.9,1,3933.9,Single Donation Entity
518,Mr James Brokenshire Mp,7500.0,1,7500.0,Single Donation Entity
519,Mr James Chapman Mp,5245.2,1,5245.2,Single Donation Entity
520,Mr James Clappison Mp,2000.0,1,2000.0,Single Donation Entity
521,Mr James Devine Mp,7396.0,2,3698.0,Very Small Entity
522,Mr James Duddridge Mp,24615.1,7,3516.442857142857,Very Small Entity
523,Mr James Elles,3933.9,1,3933.9,Single Donation Entity
524,Mr James Gray Mp,13118.2,5,2623.6400000000003,Very Small Entity
525,Mr James Heappey,113407.41,17,6671.024117647059,Very Small Entity
526,Mr James Heappy,9802.0,2,4901.0,Very Small Entity
527,Mr James Mcgovern Mp,6811.0,3,2270.3333333333335,Very Small Entity
528,Mr James Provan Mep,3933.9,1,3933.9,Single Donation Entity
529,Mr James Watkins,12993.8,1,12993.8,Single Donation Entity
530,Mr James Wharton Mp,202645.9,38,5332.786842105263,Very Small Entity
531,Mr Jamieson Ronald Reed Mp,1528.0,1,1528.0,Single Donation Entity
532,Mr Jason Alexander Mccartney,2000.0,1,2000.0,Single Donation Entity
533,Mr Jason Mccartney Mp,14665.0,5,2933.0,Very Small Entity
534,Mr Jeff Ennis Mp,6845.2,2,3422.6,Very Small Entity
535,Mr Jeffrey Titford,3933.9,1,3933.9,Single Donation Entity
536,Mr Jeremy Browne Mp,2634.0,1,2634.0,Single Donation Entity
537,Mr Jeremy Corbyn Mp,336415.63,30,11213.854333333333,Very Small Entity
538,Mr Jeremy Lefroy Mp,22189.85,11,2017.2590909090907,Very Small Entity
539,Mr Jesse Norman Mp,8196.0,2,4098.0,Very Small Entity
540,Mr Jim Cousins Mp,5245.2,1,5245.2,Single Donation Entity
541,Mr Jim Dobbin Mp,4265.0,2,2132.5,Very Small Entity
542,Mr Jim Dowd,3000.0,1,3000.0,Single Donation Entity
543,Mr Jim Eadie,3108.0,1,3108.0,Single Donation Entity
544,Mr Jim Fitzpatrick Mp,18180.0,4,4545.0,Very Small Entity
545,Mr Jim Knight Mp,1366.0,1,1366.0,Single Donation Entity
546,Mr Jim Sheridan Mp,40908.29,10,4090.829,Very Small Entity
547,Mr Jimmy Hood Mp,13645.2,3,4548.400000000001,Very Small Entity
548,Mr John Austin Mp,10845.2,3,3615.066666666667,Very Small Entity
549,Mr John Baron,6048.02,1,6048.02,Single Donation Entity
550,Mr John Barrett Mp,5245.2,1,5245.2,Single Donation Entity
551,Mr John Biggs,6000.0,2,3000.0,Very Small Entity
552,Mr John C. Bowis Mep,3933.9,1,3933.9,Single Donation Entity
553,Mr John Corrie Mep,3933.9,1,3933.9,Single Donation Entity
554,Mr John Cummings Mp,5245.2,1,5245.2,Single Donation Entity
555,Mr John Glen Mp,14581.27,3,4860.423333333333,Very Small Entity
556,Mr John Greenway,5245.2,1,5245.2,Single Donation Entity
557,Mr John Grogan Mp,17002.0,6,2833.6666666666665,Very Small Entity
558,Mr John Howell Mp,15660.46,5,3132.0919999999996,Very Small Entity
559,Mr John Lamont Msp,14858.0,4,3714.5,Very Small Entity
560,Mr John Leech Mp,9270.0,3,3090.0,Very Small Entity
561,Mr John Lyons Mp,5245.2,1,5245.2,Single Donation Entity
562,Mr John Mann Mp,82860.82,30,2762.0273333333334,Very Small Entity
563,Mr John Maples,5245.2,1,5245.2,Single Donation Entity
564,Mr John Mcdonnell Mp,7000.0,2,3500.0,Very Small Entity
565,Mr John Mcfall Mp,21901.72,6,3650.286666666667,Very Small Entity
566,Mr John Penrose,5190.14,1,5190.14,Single Donation Entity
567,Mr John Pugh Mp,3000.0,1,3000.0,Single Donation Entity
568,Mr John Purvis,3933.9,1,3933.9,Single Donation Entity
569,Mr John Robertson Mp,33401.37,10,3340.137,Very Small Entity
570,Mr John Stevenson Mp,44750.0,8,5593.75,Very Small Entity
571,Mr John Whittingdale Mp,27914.27,10,2791.427,Very Small Entity
572,Mr John Woodcock Mp,28296.67,7,4042.3814285714284,Very Small Entity
573,Mr Jonathan Cruddas Mp,166472.33000000002,12,13872.694166666668,Very Small Entity
574,Mr Jonathan Djanogly Mp,247866.36,12,20655.53,Very Small Entity
575,Mr Jonathan Edwards Mp,4680.0,1,4680.0,Single Donation Entity
576,Mr Jonathan Evans Mep,8933.9,2,4466.95,Very Small Entity
577,Mr Jonathan Gullis,2500.0,1,2500.0,Single Donation Entity
578,Mr Jonathan Lord,1819.0,1,1819.0,Single Donation Entity
579,Mr Jonathan Reynolds Mp,25402.920000000002,6,4233.820000000001,Very Small Entity
580,Mr Jonathan Sayeed Mp,5245.2,1,5245.2,Single Donation Entity
581,Mr Joseph Johnson,29295.64,7,4185.091428571429,Very Small Entity
582,Mr Julian Brazier Mp,6509.75,2,3254.875,Very Small Entity
583,Mr Julian Smith Mp,5821.75,2,2910.875,Very Small Entity
584,Mr Julian Sturdy Mp,4000.0,1,4000.0,Single Donation Entity
585,Mr Justin Tomlinson Mp,3600.0,1,3600.0,Single Donation Entity
586,Mr Kamaljeet Jandu,17357.0,1,17357.0,Single Donation Entity
587,Mr Keith Bradley Mp,5100.0,1,5100.0,Single Donation Entity
588,Mr Keith Hill Mp,2750.0,2,1375.0,Very Small Entity
589,Mr Keith Simpson Mp,42224.49,10,4222.449,Very Small Entity
590,Mr Ken Macintosh Msp,13025.0,5,2605.0,Very Small Entity
591,Mr Ken Purchase Mp,7800.0,5,1560.0,Very Small Entity
592,Mr Kenneth Livingstone,48500.0,11,4409.090909090909,Very Small Entity
593,Mr Kevin Brennan Mp,6945.2,2,3472.6,Very Small Entity
594,Mr Kevin Mcnamara,5245.2,1,5245.2,Single Donation Entity
595,Mr Khalid Mahmood,6600.0,2,3300.0,Very Small Entity
596,Mr Kris Hopkins Mp,4000.0,1,4000.0,Single Donation Entity
597,Mr Laurence Robertson Mp,38453.79,12,3204.4825,Very Small Entity
598,Mr Lembit Opik,8830.3,3,2943.433333333333,Very Small Entity
599,Mr Lewis Macdonald Msp,2355.13,1,2355.13,Single Donation Entity
600,Mr Lindsay Roy Mp,1077.0,1,1077.0,Single Donation Entity
601,Mr Lloyd Russell-Moyle,16209.1,6,2701.516666666667,Very Small Entity
602,Mr Lutfur Rahman,6000.0,2,3000.0,Very Small Entity
603,Mr Malcolm Moss Mp,14758.2,3,4919.400000000001,Very Small Entity
604,Mr Mario Creatura,2000.0,1,2000.0,Single Donation Entity
605,Mr Mark Adrian Clarke,9000.0,3,3000.0,Very Small Entity
606,Mr Mark Coote,2000.0,1,2000.0,Single Donation Entity
607,Mr Mark Drakeford,11379.0,3,3793.0,Very Small Entity
608,Mr Mark Field Mp,44690.0,12,3724.1666666666665,Very Small Entity
609,Mr Mark Fisher Mp,16280.0,4,4070.0,Very Small Entity
610,Mr Mark Harper Mp,22500.0,7,3214.285714285714,Very Small Entity
611,Mr Mark Hendrick Mp,60382.16,15,4025.4773333333337,Very Small Entity
612,Mr Mark Hoban Mp,26504.67,3,8834.89,Very Small Entity
613,Mr Mark Hunter Mp,1155.0,1,1155.0,Single Donation Entity
614,Mr Mark Isherwood,2000.0,1,2000.0,Single Donation Entity
615,Mr Mark Lancaster Mp,38216.35,12,3184.695833333333,Very Small Entity
616,Mr Mark Oaten Mp,29467.28,7,4209.611428571428,Very Small Entity
617,Mr Mark Prisk Mp,12334.0,3,4111.333333333333,Very Small Entity
618,Mr Mark Pritchard Mp,84789.0,31,2735.1290322580644,Very Small Entity
619,Mr Mark Reckless Mp,13000.0,1,13000.0,Single Donation Entity
620,Mr Mark Robert Timothy Garnier Mp,10159.49,4,2539.8725,Very Small Entity
621,Mr Mark Todd Mp,4119.41,1,4119.41,Single Donation Entity
622,Mr Mark Williams,1600.0,1,1600.0,Single Donation Entity
623,Mr Martin Horwood Mp,2400.0,1,2400.0,Single Donation Entity
624,Mr Martin Linton Mp,1200.0,1,1200.0,Single Donation Entity
625,Mr Martin Salter,5245.2,1,5245.2,Single Donation Entity
626,Mr Martin Vickers Mp,24791.12,7,3541.5885714285714,Very Small Entity
627,Mr Martyn Day Mp,4634.66,1,4634.66,Single Donation Entity
628,Mr Martyn Jones,10345.2,2,5172.6,Very Small Entity
629,Mr Matthew Barber,2000.0,1,2000.0,Single Donation Entity
630,Mr Matthew Green,5245.2,1,5245.2,Single Donation Entity
631,Mr Matthew Pennycook,2885.35,1,2885.35,Single Donation Entity
632,Mr Matthew Taylor Mp,13245.2,3,4415.066666666667,Very Small Entity
633,Mr Maurice Corry,2200.0,1,2200.0,Single Donation Entity
634,Mr Michael Cashman Mep,3933.9,1,3933.9,Single Donation Entity
635,Mr Michael Clapham Mp,10345.2,2,5172.6,Very Small Entity
636,Mr Michael Connarty Mp,16446.7,5,3289.34,Very Small Entity
637,Mr Michael Dugher,2000.0,1,2000.0,Single Donation Entity
638,Mr Michael Dugher Mp,20680.46,7,2954.3514285714286,Very Small Entity
639,Mr Michael Ellis Mp,46071.75,11,4188.340909090909,Very Small Entity
640,Mr Michael Fabricant Mp,10345.2,2,5172.6,Very Small Entity
641,Mr Michael German,3374.15,1,3374.15,Single Donation Entity
642,Mr Michael Gove Mp,493621.48,52,9492.72076923077,Small Entity
643,Mr Michael Mayes Mp,5245.2,1,5245.2,Single Donation Entity
644,Mr Michael Mccann Mp,3000.0,1,3000.0,Single Donation Entity
645,Mr Michael Richard Weatherley,13537.43,4,3384.3575,Very Small Entity
646,Mr Michael Russell,8250.0,2,4125.0,Very Small Entity
647,Mr Michael Thomas Hancock,7245.2,2,3622.6,Very Small Entity
648,Mr Michael Tomlinson,7000.0,1,7000.0,Single Donation Entity
649,Mr Michael Weir Mp,6322.2,2,3161.1,Very Small Entity
650,Mr Mick Antoniw,23000.0,3,7666.666666666667,Very Small Entity
651,Mr Mike Crockart Mp,3810.0,1,3810.0,Single Donation Entity
652,Mr Mike Freer Mp,12664.34,5,2532.868,Very Small Entity
653,Mr Mike Gapes Mp,45451.2,10,4545.12,Very Small Entity
654,Mr Mike Weatherley Mp,18674.0,4,4668.5,Very Small Entity
655,Mr Mohammad Asghar,4000.0,2,2000.0,Very Small Entity
656,Mr Mohammad Yasin,1586.5,1,1586.5,Single Donation Entity
657,Mr Mohammed Sarwar,3286.26,1,3286.26,Single Donation Entity
658,Mr Murdo Fraser Msp,14700.0,4,3675.0,Very Small Entity
659,Mr Nadhim Zahawi Mp,31789.97,7,4541.424285714286,Very Small Entity
660,Mr Neil Bibby Msp,5000.0,1,5000.0,Single Donation Entity
661,Mr Neil Carmichael Mp,2000.0,1,2000.0,Single Donation Entity
662,Mr Neil Coyle,10300.11,2,5150.055,Very Small Entity
663,Mr Neil Hudson,2856.4,2,1428.2,Very Small Entity
664,Mr Neil Parish Mp,4675.0,2,2337.5,Very Small Entity
665,Mr Nic Dakin Mp,2390.0,1,2390.0,Single Donation Entity
666,Mr Nicholas Bourne Am,1563.05,1,1563.05,Single Donation Entity
667,Mr Nicholas John Gibb Mp,5245.2,1,5245.2,Single Donation Entity
668,Mr Nicholas Palmer,8245.2,3,2748.4,Very Small Entity
669,Mr Nick Ainger Mp,1300.0,1,1300.0,Single Donation Entity
670,Mr Nick Boles Mp,18089.16,6,3014.86,Very Small Entity
671,Mr Nick De Bois Mp,7200.0,2,3600.0,Very Small Entity
672,Mr Nick Griffin,5000.0,1,5000.0,Single Donation Entity
673,Mr Nick Smith Mp,2654.48,1,2654.48,Single Donation Entity
674,Mr Nigel Evans Mp,94135.2,26,3620.584615384615,Very Small Entity
675,Mr Nigel Farage,62107.9,16,3881.74375,Very Small Entity
676,Mr Nigel Jones,5245.2,1,5245.2,Single Donation Entity
677,Mr Nigel Mills Mp,1558.0,1,1558.0,Single Donation Entity
678,Mr Nigel Waterson Mp,6245.2,2,3122.6,Very Small Entity
679,Mr Oliver Colvile Mp,13074.0,4,3268.5,Very Small Entity
680,Mr Parmjit Dhanda Mp,13536.0,5,2707.2,Very Small Entity
681,Mr Patrick Grady,4678.0,1,4678.0,Single Donation Entity
682,Mr Patrick Harvie Msp,5316.0,1,5316.0,Single Donation Entity
683,Mr Patrick Mercer Mp,6322.9,2,3161.45,Very Small Entity
684,Mr Paul Blomfield Mp,2485.0,1,2485.0,Single Donation Entity
685,Mr Paul Brannen,2000.0,1,2000.0,Single Donation Entity
686,Mr Paul Clark Mp,5000.0,1,5000.0,Single Donation Entity
687,Mr Paul Davies,3000.0,1,3000.0,Single Donation Entity
688,Mr Paul Dennett,5000.0,1,5000.0,Single Donation Entity
689,Mr Paul Flynn Mp,5245.2,1,5245.2,Single Donation Entity
690,Mr Paul Goggins,5100.0,1,5100.0,Single Donation Entity
691,Mr Paul Goodman,8855.0,3,2951.6666666666665,Very Small Entity
692,Mr Paul Keetch Mp,13245.2,2,6622.6,Very Small Entity
693,Mr Paul Masterton,2600.0,1,2600.0,Single Donation Entity
694,Mr Paul Maynard,2000.0,1,2000.0,Single Donation Entity
695,Mr Paul Maynard Mp,10267.4,5,2053.48,Very Small Entity
696,Mr Paul Tyler,5245.2,1,5245.2,Single Donation Entity
697,Mr Paul Uppal Mp,9925.0,2,4962.5,Very Small Entity
698,Mr Peter Bone Mp,5800.0,2,2900.0,Very Small Entity
699,Mr Peter Duncan,5245.2,1,5245.2,Single Donation Entity
700,Mr Peter Kilfoyle,5245.2,1,5245.2,Single Donation Entity
701,Mr Peter Viggers Mp,14245.2,3,4748.400000000001,Very Small Entity
702,Mr Phil Willis,1323.5,1,1323.5,Single Donation Entity
703,Mr Philip Allott,2000.0,1,2000.0,Single Donation Entity
704,Mr Philip Andrew Davies Mp,2000.0,1,2000.0,Single Donation Entity
705,Mr Philip Bradbourne Mep,3933.9,1,3933.9,Single Donation Entity
706,Mr Philip Bushill-Matthews Mep,3933.9,1,3933.9,Single Donation Entity
707,Mr Philip Davies Mp,14472.0,4,3618.0,Very Small Entity
708,Mr Philip Dunne Mp,13273.09,4,3318.2725,Very Small Entity
709,Mr Philip Hollobone Mp,32960.74,9,3662.304444444444,Very Small Entity
710,Mr Piara Khabra,5245.2,1,5245.2,Single Donation Entity
711,Mr Quentin Davies Mp,6545.2,2,3272.6,Very Small Entity
712,Mr R Shannon,3618.94,1,3618.94,Single Donation Entity
713,Mr Rehman Chishti Mp,19368.91,6,3228.1516666666666,Very Small Entity
714,Mr Resham Kotecha,2500.0,1,2500.0,Single Donation Entity
715,Mr Rhun Ap Iorwerth,5221.32,2,2610.66,Very Small Entity
716,Mr Richard Bacon Mp,15891.19,5,3178.2380000000003,Very Small Entity
717,Mr Richard Baker Msp,14900.0,2,7450.0,Very Small Entity
718,Mr Richard Balfe Mep,3933.9,1,3933.9,Single Donation Entity
719,Mr Richard Burden Mp,27874.65,10,2787.465,Very Small Entity
720,Mr Richard Burgon Mp,1735.78,1,1735.78,Single Donation Entity
721,Mr Richard Cook,2000.0,1,2000.0,Single Donation Entity
722,Mr Richard Corbett Mep,8694.42,2,4347.21,Very Small Entity
723,Mr Richard Graham Mp,39374.5,11,3579.5,Very Small Entity
724,Mr Richard Harrington Mp,52696.0,6,8782.666666666666,Very Small Entity
725,Mr Richard Howitt Mep,14402.55,5,2880.5099999999998,Very Small Entity
726,Mr Richard Lyle Msp,2200.0,1,2200.0,Single Donation Entity
727,Mr Richard Minshull,2000.0,1,2000.0,Single Donation Entity
728,Mr Richard Ottoway,5245.2,1,5245.2,Single Donation Entity
729,Mr Richard Page,5245.2,1,5245.2,Single Donation Entity
730,Mr Richard Spring Mp,38548.15,12,3212.3458333333333,Very Small Entity
731,Mr Robert Buckland Mp,10000.0,3,3333.3333333333335,Very Small Entity
732,Mr Robert Flello Mp,39675.0,8,4959.375,Very Small Entity
733,Mr Robert Goodwill Mp,19891.3,5,3978.2599999999998,Very Small Entity
734,Mr Robert Halfon Mp,89862.48,19,4729.604210526316,Very Small Entity
735,Mr Robert Jackson Mp,5245.2,1,5245.2,Single Donation Entity
736,Mr Robert Key,5245.2,1,5245.2,Single Donation Entity
737,Mr Robert Largan,2000.0,1,2000.0,Single Donation Entity
738,Mr Robert Laxton,13897.48,3,4632.493333333333,Very Small Entity
739,Mr Robert N Wareing Mp,10345.2,2,5172.6,Very Small Entity
740,Mr Robert Neill Mp,20547.68,5,4109.536,Very Small Entity
741,Mr Robert Sturdy,3933.9,1,3933.9,Single Donation Entity
742,Mr Robert Walter Mp,18490.2,6,3081.7000000000003,Very Small Entity
743,Mr Robin Cook Mp,5245.2,1,5245.2,Single Donation Entity
744,Mr Roger Berry Mp,5245.2,1,5245.2,Single Donation Entity
745,Mr Roger Casale Mp,18770.309999999998,9,2085.5899999999997,Very Small Entity
746,Mr Roger Godsiff Mp,31389.0,10,3138.9,Very Small Entity
747,Mr Roger Helmer,3933.9,1,3933.9,Single Donation Entity
748,Mr Ronnie Campbell Mp,3810.0,1,3810.0,Single Donation Entity
749,Mr Rory Stewart Mp,184101.7,34,5414.755882352942,Very Small Entity
750,Mr Ross Cranston Qc,2346.43,1,2346.43,Single Donation Entity
751,Mr Ross Thomson,15458.49,2,7729.245,Very Small Entity
752,Mr Roy Perry,6933.9,2,3466.95,Very Small Entity
753,Mr Royston Smith,2000.0,1,2000.0,Single Donation Entity
754,Mr Sam Gyimah,15064.0,4,3766.0,Very Small Entity
755,Mr Sean Anstee,100838.77,20,5041.9385,Very Small Entity
756,Mr Sebastian Dance,2500.0,1,2500.0,Single Donation Entity
757,Mr Shahid Malik Mp,15000.0,2,7500.0,Very Small Entity
758,Mr Shailesh Vara Mp,19739.0,5,3947.8,Very Small Entity
759,Mr Simon Danczuk Mp,14673.0,3,4891.0,Very Small Entity
760,Mr Simon Day,1650.0,1,1650.0,Single Donation Entity
761,Mr Simon Kirby Mp,2000.0,1,2000.0,Single Donation Entity
762,Mr Simon Murphy,6460.5,1,6460.5,Single Donation Entity
763,Mr Simon Reevell Mp,2000.0,1,2000.0,Single Donation Entity
764,Mr Siôn Simon,5760.0,1,5760.0,Single Donation Entity
765,Mr Stephen Barclay Mp,1305.0,1,1305.0,Single Donation Entity
766,Mr Stephen Doughty,14750.0,8,1843.75,Very Small Entity
767,Mr Stephen Hammond Mp,34963.61,7,4994.801428571429,Very Small Entity
768,Mr Stephen Hepburn Mp,17140.3,7,2448.6142857142854,Very Small Entity
769,Mr Stephen Hesford,5245.2,1,5245.2,Single Donation Entity
770,Mr Stephen Kerr,1600.57,1,1600.57,Single Donation Entity
771,Mr Stephen Mccabe Mp,8513.17,4,2128.2925,Very Small Entity
772,Mr Stephen Mcpartland Mp,10123.1,4,2530.775,Very Small Entity
773,Mr Stephen Metcalfe Mp,25302.0,5,5060.4,Very Small Entity
774,Mr Stephen Mosley Mp,10679.45,5,2135.8900000000003,Very Small Entity
775,Mr Stephen Pound Mp,21602.2,6,3600.366666666667,Very Small Entity
776,Mr Stephen S. Hughes,3933.9,1,3933.9,Single Donation Entity
777,Mr Stephen Twigg Mp,15846.42,5,3169.284,Very Small Entity
778,Mr Steve Bell,2000.0,1,2000.0,Single Donation Entity
779,Mr Steven Paterson,3800.0,1,3800.0,Single Donation Entity
780,Mr Struan Stevenson,3933.9,1,3933.9,Single Donation Entity
781,Mr Stuart Andrew Mp,14715.0,5,2943.0,Very Small Entity
782,Mr Syd Rapson,5245.2,1,5245.2,Single Donation Entity
783,Mr Tanmanjeet Singh Dhesi,3595.0,1,3595.0,Single Donation Entity
784,Mr Thomas Docherty Mp,3279.0,1,3279.0,Single Donation Entity
785,Mr Thomas Mcavoy,5245.2,1,5245.2,Single Donation Entity
786,Mr Tim Boswell Mp,13859.2,2,6929.6,Very Small Entity
787,Mr Tim Collins Mp,16888.2,2,8444.1,Very Small Entity
788,Mr Tim Farron Mp,155077.0,17,9122.176470588236,Very Small Entity
789,Mr Tim Loughton Mp,181996.07,27,6740.595185185185,Very Small Entity
790,Mr Tim Yeo Mp,53110.96,15,3540.730666666667,Very Small Entity
791,Mr Timothy Kirkhope Mep,3044.98,1,3044.98,Single Donation Entity
792,Mr Tobias Ellwood Mp,26358.34,10,2635.834,Very Small Entity
793,Mr Toby Perkins,3000.0,1,3000.0,Single Donation Entity
794,Mr Tom Arthur,6000.0,1,6000.0,Single Donation Entity
795,Mr Tom Blenkinsop Mp,12000.0,2,6000.0,Very Small Entity
796,Mr Tom Greatrex Mp,9859.439999999999,3,3286.4799999999996,Very Small Entity
797,Mr Tom Harris Mp,5245.2,1,5245.2,Single Donation Entity
798,Mr Tom Hunt,2000.0,1,2000.0,Single Donation Entity
799,Mr Tom Levitt Mp,8598.0,2,4299.0,Very Small Entity
800,Mr Tony Lloyd Mp,22050.91,9,2450.101111111111,Very Small Entity
801,Mr Tony Worthington Mp,5245.2,1,5245.2,Single Donation Entity
802,Mr Tristram Hunt Mp,129893.17,15,8659.544666666667,Very Small Entity
803,Mr Vaughan Gething,91200.0,10,9120.0,Very Small Entity
804,Mr Vernon Coaker Mp,4663.42,2,2331.71,Very Small Entity
805,Mr Virendra Kumar Sharma Mp,101001.2,26,3884.6615384615384,Very Small Entity
806,Mr Wayne David Mp,18191.739999999998,7,2598.8199999999997,Very Small Entity
807,Mr Wilfred Emmanuel-Jones,10000.0,2,5000.0,Very Small Entity
808,Mr William Goodhand,29500.0,7,4214.285714285715,Very Small Entity
809,Mr Wolfgang Tillmans,18000.0,2,9000.0,Very Small Entity
810,Mrs Barbara Follett Mp,5245.2,1,5245.2,Single Donation Entity
811,Mrs Carolyn Harris,2600.0,1,2600.0,Single Donation Entity
812,Mrs Claire Curtis-Thomas Mp,4037.45,2,2018.725,Very Small Entity
813,Mrs Eluned Morgan,3933.9,1,3933.9,Single Donation Entity
814,Mrs Emma Lewell-Buck Mp,3154.78,2,1577.39,Very Small Entity
815,Mrs Eryl Mcnally,3933.3,1,3933.3,Single Donation Entity
816,Mrs Helen Jackson Mp,5100.0,1,5100.0,Single Donation Entity
817,Mrs Jacqueline Foster Mep,7758.9,2,3879.45,Very Small Entity
818,Mrs Jacqui Lait Mp,5245.2,1,5245.2,Single Donation Entity
819,Mrs Janet Anderson,3000.0,1,3000.0,Single Donation Entity
820,Mrs Jessica Morden Mp,5594.469999999999,2,2797.2349999999997,Very Small Entity
821,Mrs Joan Humble,3000.0,1,3000.0,Single Donation Entity
822,Mrs Meg Munn Mp,19068.0,7,2724.0,Very Small Entity
823,Mrs Nicky Gavron,12446.1,4,3111.525,Very Small Entity
824,Ms Alexandra Mayer,11692.0,1,11692.0,Single Donation Entity
825,Ms Amber Rudd Mp,3381.91,2,1690.955,Very Small Entity
826,Ms Andrea Leadsom Mp,72300.0,5,14460.0,Very Small Entity
827,Ms Angela Browning Mp,5245.2,1,5245.2,Single Donation Entity
828,Ms Angela Rayner Mp,39937.0,8,4992.125,Very Small Entity
829,Ms Angie Bray Mp,2000.0,1,2000.0,Single Donation Entity
830,Ms Ann Mckechin Mp,6329.2,2,3164.6,Very Small Entity
831,Ms Anna Soubry Mp,5000.0,1,5000.0,Single Donation Entity
832,Ms Anne Marie Morris Mp,47275.72,18,2626.428888888889,Very Small Entity
833,Ms Anne Milton Mp,3482.5,3,1160.8333333333333,Very Small Entity
834,Ms Anne Snelgrove Mp,1425.0,1,1425.0,Single Donation Entity
835,Ms Anne-Marie Trevelyan,47805.82,22,2172.991818181818,Very Small Entity
836,Ms Annunziata Rees-Mogg,1800.0,1,1800.0,Single Donation Entity
837,Ms Arlene Mccarthy,3933.9,1,3933.9,Single Donation Entity
838,Ms Barbara Keeley Mp,1425.0,1,1425.0,Single Donation Entity
839,Ms Bridget Phillipson Mp,2123.4,1,2123.4,Single Donation Entity
840,Ms Bridget Prentice,5245.2,1,5245.2,Single Donation Entity
841,Ms Caroline Dinenage Mp,8000.0,1,8000.0,Single Donation Entity
842,Ms Caroline Jackson,3933.9,1,3933.9,Single Donation Entity
843,Ms Caroline Nokes,4000.0,2,2000.0,Very Small Entity
844,Ms Caroline Nokes Mp,18935.0,3,6311.666666666667,Very Small Entity
845,Ms Catherine Mckinnell Mp,5500.0,2,2750.0,Very Small Entity
846,Ms Cathy Jamieson Mp,7000.0,3,2333.3333333333335,Very Small Entity
847,Ms Celia Barlow Mp,18179.0,6,3029.8333333333335,Very Small Entity
848,Ms Chinyelu Onwurah Mp,9909.19,4,2477.2975,Very Small Entity
849,Ms Chloe Smith Mp,39156.62,6,6526.1033333333335,Very Small Entity
850,Ms Christine Russell Mp,8000.0,2,4000.0,Very Small Entity
851,Ms Claire Perry Mp,9939.39,1,9939.39,Single Donation Entity
852,Ms Claire Ward Mp,9745.2,2,4872.6,Very Small Entity
853,Ms Clare Moody,12455.87,1,12455.87,Single Donation Entity
854,Ms Daria Jean Taylor Mp,3780.13,2,1890.065,Very Small Entity
855,Ms Diana Mary Organ,5245.2,1,5245.2,Single Donation Entity
856,Ms Diana Ruth Johnson Mp,9650.92,4,2412.73,Very Small Entity
857,Ms Diana Wallis Mep,3825.0,1,3825.0,Single Donation Entity
858,Ms Diane Abbott Mp,45979.65,11,4179.968181818182,Very Small Entity
859,Ms Edwina Hart Am,1625.0,1,1625.0,Single Donation Entity
860,Ms Elizabeth Truss,8200.54,1,8200.54,Single Donation Entity
861,Ms Emily Thornberry Mp,3229.0,4,807.25,Very Small Entity
862,Ms Emma Reynolds Mp,15398.0,5,3079.6,Very Small Entity
863,Ms Gemma Doyle Mp,10360.11,4,2590.0275,Very Small Entity
864,Ms Gill Furniss Mp,4600.0,1,4600.0,Single Donation Entity
865,Ms Gillian Merron Mp,1221.13,1,1221.13,Single Donation Entity
866,Ms Gisela Stuart Mp,25848.13,9,2872.0144444444445,Very Small Entity
867,Ms Glenis Willmott Mep,31000.0,5,6200.0,Very Small Entity
868,Ms Gloria De Piero Mp,6000.0,3,2000.0,Very Small Entity
869,Ms Harriett Baldwin Mp,6500.0,2,3250.0,Very Small Entity
870,Ms Heather Wheeler Mp,36802.71,12,3066.8925,Very Small Entity
871,Ms Heidi Alexander Mp,11690.02,2,5845.01,Very Small Entity
872,Ms Helen Goodman Mp,40590.23,5,8118.046,Very Small Entity
873,Ms Helen Grant Mp,19532.13,5,3906.4260000000004,Very Small Entity
874,Ms Helen Hayes,2000.0,1,2000.0,Single Donation Entity
875,Ms Helen Jones Mp,10121.51,3,3373.8366666666666,Very Small Entity
876,Ms Holly Lynch Mp,7921.0,4,1980.25,Very Small Entity
877,Ms Imelda Mary Read,37877.65,20,1893.8825000000002,Very Small Entity
878,Ms Isabel Owen,5179.0,1,5179.0,Single Donation Entity
879,Ms Ivana Bartoletti,4125.0,1,4125.0,Single Donation Entity
880,Ms Jackie Doyle-Price Mp,3500.0,1,3500.0,Single Donation Entity
881,Ms Jackie Lawrence Mp,5245.2,1,5245.2,Single Donation Entity
882,Ms Jane Kennedy Mp,1528.0,1,1528.0,Single Donation Entity
883,Ms Janet Daby,5235.0,2,2617.5,Very Small Entity
884,Ms Jayne Shotton,8728.87,1,8728.87,Single Donation Entity
885,Ms Jean Lambert Mep,369.24,1,369.24,Single Donation Entity
886,Ms Jenny Randerson Am,5000.0,2,2500.0,Very Small Entity
887,Ms Jessica Lee Mp,1511.0,1,1511.0,Single Donation Entity
888,Ms Jo Swinson Mp,5743.8,3,1914.6000000000001,Very Small Entity
889,Ms Johann Lamont Msp,5000.0,1,5000.0,Single Donation Entity
890,Ms Joy Morrissey,5000.0,1,5000.0,Single Donation Entity
891,Ms Judith Kirton-Darling,16275.54,2,8137.77,Very Small Entity
892,Ms Julie Elliott,1800.0,1,1800.0,Single Donation Entity
893,Ms Julie Kirkbride,12302.05,2,6151.025,Very Small Entity
894,Ms Julie Morgan Mp,8942.1,4,2235.525,Very Small Entity
895,Ms Justine Greening Mp,3354.83,1,3354.83,Single Donation Entity
896,Ms Karen Bradley Mp,5000.0,1,5000.0,Single Donation Entity
897,Ms Karen Buck Mp,38225.0,5,7645.0,Very Small Entity
898,Ms Karen Lumley Mp,6100.0,2,3050.0,Very Small Entity
899,Ms Kate Hoey Mp,43421.0,5,8684.2,Very Small Entity
900,Ms Katy Clark Mp,28854.45,12,2404.5375,Very Small Entity
901,Ms Kerry Mccarthy Mp,25016.45,9,2779.605555555556,Very Small Entity
902,Ms Kezia Dugdale Msp,31579.260000000002,7,4511.322857142857,Very Small Entity
903,Ms Laura Moffatt Mp,6943.2699999999995,2,3471.6349999999998,Very Small Entity
904,Ms Laura Sandys Mp,3691.93,1,3691.93,Single Donation Entity
905,Ms Linda Gilroy Mp,3000.0,1,3000.0,Single Donation Entity
906,Ms Linda Mcavan,7758.9,2,3879.45,Very Small Entity
907,Ms Linda Riordan Mp,11500.0,2,5750.0,Very Small Entity
908,Ms Linda Woodings,6704.0,1,6704.0,Single Donation Entity
909,Ms Lisa Nandy Mp,13075.0,4,3268.75,Very Small Entity
910,Ms Liz Lynne,10394.4,2,5197.2,Very Small Entity
911,Ms Lorna Fitzsimons,10345.2,2,5172.6,Very Small Entity
912,Ms Lorraine Fullbrook Mp,10629.45,4,2657.3625,Very Small Entity
913,Ms Luciana Berger Mp,62929.18,11,5720.834545454545,Very Small Entity
914,Ms Lucy Allan,2000.0,1,2000.0,Single Donation Entity
915,Ms Lucy Anderson,19710.0,4,4927.5,Very Small Entity
916,Ms Lucy Powell Mp,13004.0,2,6502.0,Very Small Entity
917,Ms Lyn Brown Mp,5481.0,2,2740.5,Very Small Entity
918,Ms Madeleine Moon Mp,17756.260000000002,6,2959.376666666667,Very Small Entity
919,Ms Margaret Hughes,17817.82,2,8908.91,Very Small Entity
920,Ms Margaret Mitchell,3108.0,1,3108.0,Single Donation Entity
921,Ms Margaret Moran,8733.2,2,4366.6,Very Small Entity
922,Ms Margot James Mp,11526.64,4,2881.66,Very Small Entity
923,Ms Marie Rimmer,12073.0,3,4024.3333333333335,Very Small Entity
924,Ms Mary Creagh Mp,8850.0,3,2950.0,Very Small Entity
925,Ms Mary Glindon,51013.5,10,5101.35,Very Small Entity
926,Ms Mary Jane Senior,1215.51,1,1215.51,Single Donation Entity
927,Ms Mary Macleod Mp,119061.93,26,4579.304999999999,Very Small Entity
928,Ms Mary Robinson Mp,23494.14,5,4698.8279999999995,Very Small Entity
929,Ms Meg Hillier Mp,11116.25,3,3705.4166666666665,Very Small Entity
930,Ms Michelle Ballantyne,3675.0,1,3675.0,Single Donation Entity
931,Ms Michelle Thomson Mp,1685.94,1,1685.94,Single Donation Entity
932,Ms Nadine Dorries Mp,8130.0,1,8130.0,Single Donation Entity
933,Ms Nancy Platts,2737.37,2,1368.685,Very Small Entity
934,Ms Nicola Blackwood Mp,6851.09,2,3425.545,Very Small Entity
935,Ms Nicolla Page,10912.16,1,10912.16,Single Donation Entity
936,Ms Oona King,56500.0,13,4346.153846153846,Very Small Entity
937,Ms Pamela Nash Mp,10226.94,3,3408.98,Very Small Entity
938,Ms Penny Mordaunt Mp,14600.0,3,4866.666666666667,Very Small Entity
939,Ms Philippa Stroud,51500.0,14,3678.5714285714284,Very Small Entity
940,Ms Priti Patel Mp,20779.0,6,3463.1666666666665,Very Small Entity
941,Ms Rebecca Pow,50454.74,12,4204.5616666666665,Very Small Entity
942,Ms Rhoda Grant Msp,1763.26,1,1763.26,Single Donation Entity
943,Ms Roberta Blackman-Woods Mp,18612.61,4,4653.1525,Very Small Entity
944,Ms Rosalind Scott,5000.0,1,5000.0,Single Donation Entity
945,Ms Rosemary Mckenna,5245.2,1,5245.2,Single Donation Entity
946,Ms Rosie Cooper Mp,22123.0,4,5530.75,Very Small Entity
947,Ms Rosie Duffield,2333.4,2,1166.7,Very Small Entity
948,Ms Rowenna Davis,21500.0,5,4300.0,Very Small Entity
949,Ms Rushanara Ali Mp,53529.380000000005,13,4117.6446153846155,Very Small Entity
950,Ms Ruth Davidson Msp,29500.0,4,7375.0,Very Small Entity
951,Ms Sally Keeble Mp,7400.0,2,3700.0,Very Small Entity
952,Ms Sandra Osborne Mp,5245.2,1,5245.2,Single Donation Entity
953,Ms Sarah Mccarthy-Fry Mp,3573.0,1,3573.0,Single Donation Entity
954,Ms Sarah Newtonn Mp,9699.22,3,3233.0733333333333,Very Small Entity
955,Ms Sarah Teather Mp,16341.55,6,2723.5916666666667,Very Small Entity
956,Ms Seema Kennedy,5687.0,2,2843.5,Very Small Entity
957,Ms Seema Louise Ghiassi Kennedy,34250.0,6,5708.333333333333,Very Small Entity
958,Ms Seema Malhotra,3147.0,1,3147.0,Single Donation Entity
959,Ms Sheryll Murray Mp,28674.0,10,2867.4,Very Small Entity
960,Ms Sian James Mp,7500.0,1,7500.0,Single Donation Entity
961,Ms Siobhain Mcdonagh Mp,9360.0,3,3120.0,Very Small Entity
962,Ms Sue Hayman,9559.83,1,9559.83,Single Donation Entity
963,Ms Susan Kramer Mp,5290.09,3,1763.3633333333335,Very Small Entity
964,Ms Suzy Davies,2000.0,1,2000.0,Single Donation Entity
965,Ms Tessa Munt Mp,3000.0,1,3000.0,Single Donation Entity
966,Ms Thelma Walker,1721.69,1,1721.69,Single Donation Entity
967,Ms Theresa Griffin,48909.95,3,16303.316666666666,Very Small Entity
968,Ms Tracey Crouch Mp,5800.0,2,2900.0,Very Small Entity
969,Ms Tracy Brabin,3400.0,1,3400.0,Single Donation Entity
970,Ms Trudy Harrison,12191.11,2,6095.555,Very Small Entity
971,Ms Valerie Wise,1973.62,1,1973.62,Single Donation Entity
972,Ms Vera Baird Qc Mp,5245.2,1,5245.2,Single Donation Entity
973,Ms Vicky Foxcroft,8349.44,2,4174.72,Very Small Entity
974,Ms Wendy Alexander Msp,12950.0,3,4316.666666666667,Very Small Entity
975,Ms Wera Hobhouse,14000.0,2,7000.0,Very Small Entity
976,Ms Yasmin Qureshi Mp,24054.69,8,3006.83625,Very Small Entity
977,Mums' Army [De-Registered 13/03/12],144161.8,16,9010.1125,Very Small Entity
978,Mums4Justice [De-Registered 16/05/11],105869.75,12,8822.479166666666,Very Small Entity
979,Muslim Friends Of Labour,44810.0,3,14936.666666666666,Very Small Entity
980,Muslims For Gb Limited,20000.0,2,10000.0,Very Small Entity
981,Natalie Mcgarry Mp,1977.11,1,1977.11,Single Donation Entity
982,National Front [De-Registered 01/11/14],6169.91,1,6169.91,Single Donation Entity
983,Naz Shah Mp,5281.97,3,1760.6566666666668,Very Small Entity
984,Neil Findlay Msp,38919.16,13,2993.7815384615387,Very Small Entity
985,Network For Animals Ltd,36271.8,3,12090.6,Very Small Entity
986,Nigel Adams Mp,267307.14,44,6075.162272727273,Very Small Entity
987,Nigel Huddleston Mp,17652.4,6,2942.066666666667,Very Small Entity
988,No Balls Ball,25450.0,2,12725.0,Very Small Entity
989,No Borders Campaign,125000.0,5,25000.0,Very Small Entity
990,No Campaign Limited,2518299.66,82,30710.971463414637,Small Entity
991,No To Av Yes To Pr,21149.67,1,21149.67,Single Donation Entity
992,No2Eu [De-Registered 01/11/14],55739.89,8,6967.48625,Very Small Entity
993,No2Eu:Yes To Democracy [De-Registered 02/11/10],97995.44,26,3769.055384615385,Very Small Entity
994,Norris For London Campaign,493400.0,33,14951.515151515152,Very Small Entity
995,North East Says No Ltd,60327.31,4,15081.8275,Very Small Entity
996,Northumberland Dining Club,79477.86,10,7947.786,Very Small Entity
997,Nusrat Ghani,32589.0,6,5431.5,Very Small Entity
998,Official Monster Raving Loony Party,350.0,1,350.0,Single Donation Entity
999,Oliver Dowden Mp,14867.0,2,7433.5,Very Small Entity
1000,Oliver Mundell Msp,2000.0,1,2000.0,Single Donation Entity
1001,Open Britain Ltd,88298.23,2,44149.115,Very Small Entity
1002,Owen Smith Mp,866905.12,62,13982.34064516129,Small Entity
1003,Parliamentary Mainstream,97087.0,44,2206.5227272727275,Very Small Entity
1004,Pat Mcfadden Mp,23000.0,5,4600.0,Very Small Entity
1005,Paul Bell,10000.0,1,10000.0,Single Donation Entity
1006,Paul Monaghan Mp,3820.44,1,3820.44,Single Donation Entity
1007,Paul Scully Mp,25576.07,8,3197.00875,Very Small Entity
1008,Paul Williams,8762.0,1,8762.0,Single Donation Entity
1009,Paula Sherriff Mp,28524.14,7,4074.8771428571426,Very Small Entity
1010,Pauline Latham Mp,109077.68,9,12119.742222222221,Very Small Entity
1011,People'S Assembly Against Austerity,141540.06,18,7863.336666666666,Very Small Entity
1012,Peter Dowd Mp,3114.84,1,3114.84,Single Donation Entity
1013,Peter Gibson,2000.0,1,2000.0,Single Donation Entity
1014,Peter Kyle Mp,76803.8,11,6982.163636363636,Very Small Entity
1015,Phil Wilson,2000.0,1,2000.0,Single Donation Entity
1016,Pirate Party Uk,210.0,1,210.0,Single Donation Entity
1017,Plaid Cymru - The Party Of Wales,2672230.03,130,20555.615615384613,Medium Entity
1018,Policy Network And Communications Ltd,291349.5,4,72837.375,Very Small Entity
1019,Political Animal Lobby Ltd,17636.21,2,8818.105,Very Small Entity
1020,Preet Kaur Gill,8262.45,3,2754.15,Very Small Entity
1021,Pro Democracy: Libertas.Eu [De-Registered 02/11/10],107991.0,21,5142.428571428572,Very Small Entity
1022,Progress Ltd,4706893.16,114,41288.53649122807,Medium Entity
1023,Project Umubano,50000.0,1,50000.0,Single Donation Entity
1024,Prolife [De-Registered 24/12/04],65828.6,8,8228.575,Very Small Entity
1025,Proud Robinson Ltd,76000.0,2,38000.0,Very Small Entity
1026,Quality Of Life Policy Group,258281.3,14,18448.664285714283,Very Small Entity
1027,Rachael Hamilton Msp,2000.0,1,2000.0,Single Donation Entity
1028,Rachel Reeves Mp,84619.5,13,6509.192307692308,Very Small Entity
1029,Ranil Jayawardena Mp,52567.56,6,8761.26,Very Small Entity
1030,Raymond Finch,7500.0,1,7500.0,Single Donation Entity
1031,Rebecca Bailey,2200.0,1,2200.0,Single Donation Entity
1032,Rebecca Harris Mp,6537.0,2,3268.5,Very Small Entity
1033,Redbridge Labour Group,19850.0,7,2835.714285714286,Very Small Entity
1034,Referendum Facts Ltd (Campaign Name: Infacts),125870.0,9,13985.555555555555,Very Small Entity
1035,Remain Labour Ltd,20000.0,3,6666.666666666667,Very Small Entity
1036,Renew,429395.36,18,23855.297777777778,Very Small Entity
1037,Represent Us Limited,4233.33,1,4233.33,Single Donation Entity
1038,Richard Fuller Mp,10000.0,1,10000.0,Single Donation Entity
1039,Richard Leonard,63130.0,7,9018.57142857143,Very Small Entity
1040,Right To Vote,300000.0,11,27272.727272727272,Very Small Entity
1041,Robert Brian Hamill,10000.0,1,10000.0,Single Donation Entity
1042,Robert Jenrick Mp,14998.65,3,4999.55,Very Small Entity
1043,Rosena Allin-Khan,33958.28,7,4851.182857142857,Very Small Entity
1044,Ross Thomson,10579.26,2,5289.63,Very Small Entity
1045,Royston Smith Mp,6486.0,2,3243.0,Very Small Entity
1046,Rupa Huq Mp,15181.92,5,3036.384,Very Small Entity
1047,Russell George,4431.71,2,2215.855,Very Small Entity
1048,Ruth Smeeth Mp,3000.0,1,3000.0,Single Donation Entity
1049,Sarah Champion Mp,15930.52,4,3982.63,Very Small Entity
1050,Saving Labour,157460.0,7,22494.285714285714,Very Small Entity
1051,Scientists For Eu Limited,460000.0,4,115000.0,Very Small Entity
1052,Scott Benton,2500.0,1,2500.0,Single Donation Entity
1053,Scott Mann Mp,6800.0,2,3400.0,Very Small Entity
1054,Scottish Campaign For Nuclear Disarmament,31700.0,2,15850.0,Very Small Entity
1055,Scottish Green Party,417210.25,72,5794.586805555556,Small Entity
1056,Scottish National Party (Snp),12747914.19,334,38167.40775449102,Medium Entity
1057,Scottish Socialist Party,431512.91,124,3479.942822580645,Medium Entity
1058,Scottish Unionist Association Trust,218870.07,3,72956.69,Very Small Entity
1059,Scottish Voice [De-Registered 12/11/15],125000.0,6,20833.333333333332,Very Small Entity
1060,Shabana Mahmood Mp,4685.9400000000005,2,2342.9700000000003,Very Small Entity
1061,Sharon Hodgson Mp,35418.93,8,4427.36625,Very Small Entity
1062,Shaun Bailey,210750.0,11,19159.090909090908,Very Small Entity
1063,Sheena Tranter,1650.0,1,1650.0,Single Donation Entity
1064,Simon Clarke,49900.0,10,4990.0,Very Small Entity
1065,Simon Hart Mp,58231.66,9,6470.184444444445,Very Small Entity
1066,Simon Hoare,14787.0,3,4929.0,Very Small Entity
1067,Siobhan Baillie,2000.0,1,2000.0,Single Donation Entity
1068,Sion Simon Mep,4321.0,1,4321.0,Single Donation Entity
1069,Sir Bob Russell Mp,5222.0,1,5222.0,Single Donation Entity
1070,Sir David Amess Mp,87063.27,21,4145.87,Very Small Entity
1071,Sir Edward Garnier Qc Mp,24817.41,8,3102.17625,Very Small Entity
1072,Sir Edward Leigh Mp,2000.0,1,2000.0,Single Donation Entity
1073,Sir Eric Pickles Mp,15800.0,4,3950.0,Very Small Entity
1074,Sir Gerald Howarth Mp,23996.0,7,3428.0,Very Small Entity
1075,Sir Hugh Bayley Mp,17345.2,3,5781.733333333334,Very Small Entity
1076,Sir Keir Starmer,10547.45,2,5273.725,Very Small Entity
1077,Sir Nicholas Winteron Mp,3000.0,1,3000.0,Single Donation Entity
1078,Sir Oliver Heald Qc Mp,5245.2,1,5245.2,Single Donation Entity
1079,Sir Peter Bottomley Mp,10345.2,2,5172.6,Very Small Entity
1080,Sir Peter Luff Mp,22379.2,6,3729.866666666667,Very Small Entity
1081,Sir Robert Smith Mp,32312.77,9,3590.307777777778,Very Small Entity
1082,Sir Roger Gale Mp,2569.86,2,1284.93,Very Small Entity
1083,Sir Stuart Bell Mp,7162.0,2,3581.0,Very Small Entity
1084,Sir Sydney Chapman Mp,5245.2,1,5245.2,Single Donation Entity
1085,Sir Teddy Taylor,5245.2,1,5245.2,Single Donation Entity
1086,Sir Tony Cunningham Mp,2949.0,2,1474.5,Very Small Entity
1087,Sir William Cash Mp,1199.69,1,1199.69,Single Donation Entity
1088,Siôn Simon,25630.91,7,3661.558571428571,Very Small Entity
1089,Social Democratic Party,12705.6,4,3176.4,Very Small Entity
1090,Social Market Foundation,12500.0,1,12500.0,Single Donation Entity
1091,Socialist Alliance,101166.0,1,101166.0,Single Donation Entity
1092,Socialist Environment And Resources Association,10155.0,2,5077.5,Very Small Entity
1093,Socialist Labour Party,60200.0,2,30100.0,Very Small Entity
1094,Society Of Conservative Lawyers,439454.71,6,73242.45166666668,Very Small Entity
1095,Solihull And Meriden Residents Association,11582.0,1,11582.0,Single Donation Entity
1096,South East Northumberland Unitary Council,3247.75,1,3247.75,Single Donation Entity
1097,South Ribble Westminster Fund,35000.0,3,11666.666666666666,Very Small Entity
1098,Stephen Gethins Mp,9244.130000000001,3,3081.376666666667,Very Small Entity
1099,Stephen Greenhalgh,17276.0,5,3455.2,Very Small Entity
1100,Stephen Kinnock Mp,34760.0,7,4965.714285714285,Very Small Entity
1101,Stephen Lloyd,1600.57,1,1600.57,Single Donation Entity
1102,Stephen Morgan,5600.0,2,2800.0,Very Small Entity
1103,Stephen Phillips Mp,4837.0,1,4837.0,Single Donation Entity
1104,Steve Baker Mp,21390.0,2,10695.0,Very Small Entity
1105,Steve Bedser,2341.64,1,2341.64,Single Donation Entity
1106,Steve Brine,2500.0,1,2500.0,Single Donation Entity
1107,Steve Double Mp,43400.0,5,8680.0,Very Small Entity
1108,Steve Reed Mp,17052.23,4,4263.0575,Very Small Entity
1109,Steve Rotheram Mp,33900.0,4,8475.0,Very Small Entity
1110,Stevenage First,8000.0,1,8000.0,Single Donation Entity
1111,Stuart Blair Donaldson Mp,5871.0,2,2935.5,Very Small Entity
1112,Suella Braverman,8404.21,3,2801.403333333333,Very Small Entity
1113,Suella Fernandes Mp,17400.0,5,3480.0,Very Small Entity
1114,Tasmina Ahmed-Sheikh Mp,10377.09,3,3459.03,Very Small Entity
1115,The Blah Party [De-Registered 11/09/08],244335.95,25,9773.438,Very Small Entity
1116,The Blair Must Go Party [De-Registered 29/05/07],8200.0,1,8200.0,Single Donation Entity
1117,The Brexit Party,1068902.01,34,31438.294411764706,Very Small Entity
1118,The Bruges Group,100000.0,6,16666.666666666668,Very Small Entity
1119,The Buckinghamshire Campaign For Democracy [De-Registered 01/07/10],50000.0,3,16666.666666666668,Very Small Entity
1120,The Campaign For An Independent Britain Limited,95000.0,9,10555.555555555555,Very Small Entity
1121,The Campaign For British Influence In Europe Limited,563000.0,15,37533.333333333336,Very Small Entity
1122,The Democratic Party [De-Registered 17/06/10],100000.0,1,100000.0,Single Donation Entity
1123,The Democratic Reform Company,599721.66,9,66635.74,Very Small Entity
1124,The Fabian Society,86753.0,9,9639.222222222223,Very Small Entity
1125,The In Campaign Ltd,24228109.1,206,117612.18009708739,Medium Entity
1126,The Independent Group For Change,267220.0,9,29691.11111111111,Very Small Entity
1127,The League Against Cruel Sports,81250.0,9,9027.777777777777,Very Small Entity
1128,The Liberal Party,15076.32,14,1076.8799999999999,Very Small Entity
1129,The New Party [De-Registered 01/07/10],1382819.88,146,9471.36904109589,Medium Entity
1130,The Peace Party - Non-Violence Justice Environment,6000.0,1,6000.0,Single Donation Entity
1131,The People'S Alliance [De-Registered 14/07/04],669125.57,24,27880.232083333332,Very Small Entity
1132,The Progressive Democratic Party [De-Registered 15/02/12],13000.0,2,6500.0,Very Small Entity
1133,The Radical Party,36852.0,13,2834.769230769231,Very Small Entity
1134,The Respect Party [De-Registered 18/08/16],80482.95,16,5030.184375,Very Small Entity
1135,The Rt Hon Adam Ingram,5245.2,1,5245.2,Single Donation Entity
1136,The Rt Hon Alan Johnson Mp,69209.0,23,3009.086956521739,Very Small Entity
1137,The Rt Hon Alan Milburn Mp,37213.13,7,5316.161428571429,Very Small Entity
1138,The Rt Hon Alistair Burt Mp,58650.0,12,4887.5,Very Small Entity
1139,The Rt Hon Alistair Darling Mp,7312.42,1,7312.42,Single Donation Entity
1140,The Rt Hon Alun Michael Mp,15103.0,5,3020.6,Very Small Entity
1141,The Rt Hon Andrew Lansley Mp,46245.2,4,11561.3,Very Small Entity
1142,The Rt Hon Andrew Mackay Mp,13536.2,3,4512.066666666667,Very Small Entity
1143,The Rt Hon Andrew Robathan Mp,11762.0,4,2940.5,Very Small Entity
1144,The Rt Hon Andy Burnham Mp,424488.36,65,6530.590153846154,Small Entity
1145,The Rt Hon Ann Widdecombe Mp,1500.0,1,1500.0,Single Donation Entity
1146,The Rt Hon Anne Mcguire Mp,3114.56,2,1557.28,Very Small Entity
1147,The Rt Hon Annette Brooke Mp,3398.0,2,1699.0,Very Small Entity
1148,The Rt Hon Ben Bradshaw Mp,19929.47,7,2847.067142857143,Very Small Entity
1149,The Rt Hon Bob Ainsworth Mp,4500.0,1,4500.0,Single Donation Entity
1150,The Rt Hon Bruce George,9885.1,3,3295.0333333333333,Very Small Entity
1151,The Rt Hon Caroline Flint Mp,76843.58,20,3842.179,Very Small Entity
1152,The Rt Hon Caroline Spelman Mp,26513.7,6,4418.95,Very Small Entity
1153,The Rt Hon Charles Clarke Mp,23574.8,8,2946.85,Very Small Entity
1154,The Rt Hon Charles Kennedy Mp,219600.0,33,6654.545454545455,Very Small Entity
1155,The Rt Hon Cheryl Gillan Mp,5245.2,1,5245.2,Single Donation Entity
1156,The Rt Hon Chris Smith Mp,5245.2,1,5245.2,Single Donation Entity
1157,The Rt Hon Christopher Grayling Mp,362227.3,23,15749.01304347826,Very Small Entity
1158,The Rt Hon Clare Short Mp,60373.96,25,2414.9584,Very Small Entity
1159,The Rt Hon Dame Joan Ruddock Mp,7996.82,2,3998.41,Very Small Entity
1160,The Rt Hon David A Laws Mp,4000.0,1,4000.0,Single Donation Entity
1161,The Rt Hon David Blunkett Mp,9074.0,3,3024.6666666666665,Very Small Entity
1162,The Rt Hon David Cameron Mp,515230.2,49,10514.902040816327,Very Small Entity
1163,The Rt Hon David Davis Mp,439298.03,48,9152.042291666667,Very Small Entity
1164,The Rt Hon David Hanson Mp,10345.2,2,5172.6,Very Small Entity
1165,The Rt Hon David Heathcoat-Amory Mp,24850.0,9,2761.1111111111113,Very Small Entity
1166,The Rt Hon David Lammy Mp,490241.35,78,6285.1455128205125,Small Entity
1167,The Rt Hon David Lidington Mp,40652.25,12,3387.6875,Very Small Entity
1168,The Rt Hon David Miliband Mp,683977.27,61,11212.742131147541,Small Entity
1169,The Rt Hon David Mundell Mp,58502.0,19,3079.0526315789475,Very Small Entity
1170,The Rt Hon David Willetts Mp,67335.79000000001,11,6121.435454545455,Very Small Entity
1171,The Rt Hon Denis Macshane Mp,16764.41,5,3352.882,Very Small Entity
1172,The Rt Hon Des Browne Mp,1505.82,1,1505.82,Single Donation Entity
1173,The Rt Hon Desmond Swayne Mp,13745.2,3,4581.733333333334,Very Small Entity
1174,The Rt Hon Dominic Grieve Qc Mp,8245.2,2,4122.6,Very Small Entity
1175,The Rt Hon Don Foster Mp,11260.44,2,5630.22,Very Small Entity
1176,The Rt Hon Douglas Alexander Mp,26723.59,7,3817.655714285714,Very Small Entity
1177,The Rt Hon Douglas Hogg Mp,1700.0,1,1700.0,Single Donation Entity
1178,The Rt Hon Dr Liam Fox Mp,824532.34,88,9369.685681818182,Small Entity
1179,The Rt Hon Dr Vincent Cable Mp,35822.0,6,5970.333333333333,Very Small Entity
1180,The Rt Hon Ed Miliband,52835.8,4,13208.95,Very Small Entity
1181,The Rt Hon Edward Balls Mp,182634.14,18,10146.341111111113,Very Small Entity
1182,The Rt Hon Edward Miliband Mp,391663.08,59,6638.357288135593,Small Entity
1183,The Rt Hon Elfyn Llwyd Mp,15977.189999999999,5,3195.4379999999996,Very Small Entity
1184,The Rt Hon Esther Mcvey,15550.0,4,3887.5,Very Small Entity
1185,The Rt Hon Francis Maude Mp,6246.2,2,3123.1,Very Small Entity
1186,The Rt Hon Frank Dobson Mp,13235.0,4,3308.75,Very Small Entity
1187,The Rt Hon Frank Field Mp,66909.7,6,11151.616666666667,Very Small Entity
1188,The Rt Hon Geoff Hoon Mp,5039.0,2,2519.5,Very Small Entity
1189,The Rt Hon George Osborne Mp,360414.51,31,11626.274516129033,Very Small Entity
1190,The Rt Hon Gillian Shephard,5245.2,1,5245.2,Single Donation Entity
1191,The Rt Hon Gordon Brown Mp,255701.33000000002,29,8817.28724137931,Very Small Entity
1192,The Rt Hon Grant Shapps Mp,6938.0,3,2312.6666666666665,Very Small Entity
1193,The Rt Hon Greg Clark Mp,15000.0,4,3750.0,Very Small Entity
1194,The Rt Hon Greg Hands Mp,92688.53,16,5793.033125,Very Small Entity
1195,The Rt Hon Greg Knight Mp,3000.0,1,3000.0,Single Donation Entity
1196,The Rt Hon Gregory Barker Mp,12319.79,5,2463.958,Very Small Entity
1197,The Rt Hon Harriet Harman Qc Mp,68767.8,26,2644.915384615385,Very Small Entity
1198,The Rt Hon Hazel Blears Mp,86115.78,13,6624.290769230769,Very Small Entity
1199,The Rt Hon Hilary Armstrong,1543.98,1,1543.98,Single Donation Entity
1200,The Rt Hon Hilary Benn Mp,33925.0,9,3769.4444444444443,Very Small Entity
1201,The Rt Hon Hugh Robertson Mp,7920.2,3,2640.0666666666666,Very Small Entity
1202,The Rt Hon Hugo Swire Mp,34048.49,10,3404.8489999999997,Very Small Entity
1203,The Rt Hon Iain Duncan Smith Mp,10667.279999999999,2,5333.639999999999,Very Small Entity
1204,The Rt Hon Ian Mccartney Mp,3543.8,2,1771.9,Very Small Entity
1205,The Rt Hon Jack Straw Mp,28828.600000000002,5,5765.72,Very Small Entity
1206,The Rt Hon James Arbuthnot Mp,23382.1,9,2598.011111111111,Very Small Entity
1207,The Rt Hon James Paice Mp,5245.2,1,5245.2,Single Donation Entity
1208,The Rt Hon James Purnell Mp,22913.53,8,2864.19125,Very Small Entity
1209,The Rt Hon Jennifer Willott Mp,6740.0,2,3370.0,Very Small Entity
1210,The Rt Hon Jeremy Hunt Mp,542919.34,52,10440.756538461537,Small Entity
1211,The Rt Hon Jim Murphy Mp,82770.99,11,7524.635454545455,Very Small Entity
1212,The Rt Hon John Battle Mp,1500.0,1,1500.0,Single Donation Entity
1213,The Rt Hon John Bercow Mp,63951.91,15,4263.460666666667,Very Small Entity
1214,The Rt Hon John Denham Mp,9355.66,2,4677.83,Very Small Entity
1215,The Rt Hon John Gummer Mp,5245.2,1,5245.2,Single Donation Entity
1216,The Rt Hon John Hayes Mp,1909.64,1,1909.64,Single Donation Entity
1217,The Rt Hon John Healey Mp,84019.56,7,12002.794285714286,Very Small Entity
1218,The Rt Hon John Prescott Mp,35524.17,9,3947.1299999999997,Very Small Entity
1219,The Rt Hon John Redwood Mp,5245.2,1,5245.2,Single Donation Entity
1220,The Rt Hon John Reid Mp,7500.0,2,3750.0,Very Small Entity
1221,The Rt Hon John Spellar Mp,40916.46,14,2922.6042857142857,Very Small Entity
1222,The Rt Hon John Thurso Mp,5245.2,1,5245.2,Single Donation Entity
1223,The Rt Hon Keith Vaz Mp,13649.89,3,4549.963333333333,Very Small Entity
1224,The Rt Hon Kenneth Clarke Qc Mp,219016.91,36,6083.803055555556,Very Small Entity
1225,The Rt Hon Kevin Barron Mp,6470.0,2,3235.0,Very Small Entity
1226,The Rt Hon Liam Byrne Mp,64747.34,15,4316.489333333333,Very Small Entity
1227,The Rt Hon Lynne Featherstone Mp,3507.25,1,3507.25,Single Donation Entity
1228,The Rt Hon Malcolm Wicks Mp,13322.86,4,3330.715,Very Small Entity
1229,The Rt Hon Margaret Beckett Mp,16000.0,1,16000.0,Single Donation Entity
1230,The Rt Hon Margaret Hodge Mp,17173.17,3,5724.389999999999,Very Small Entity
1231,The Rt Hon Mark Francois Mp,13391.29,4,3347.8225,Very Small Entity
1232,The Rt Hon Mark Simmonds Mp,36645.76,9,4071.751111111111,Very Small Entity
1233,The Rt Hon Matthew Hancock Mp,288990.0,43,6720.697674418605,Very Small Entity
1234,The Rt Hon Michael Ancram Qc Mp,84806.47,18,4711.470555555556,Very Small Entity
1235,The Rt Hon Michael Denzil Xavier Portillo Mp,96080.0,27,3558.5185185185187,Very Small Entity
1236,The Rt Hon Michael Fallon Mp,18767.989999999998,5,3753.5979999999995,Very Small Entity
1237,The Rt Hon Michael Howard Mp,82001.0,20,4100.05,Very Small Entity
1238,The Rt Hon Michael Jack Mp,2150.0,1,2150.0,Single Donation Entity
1239,The Rt Hon Michael Martin Mp,5245.2,1,5245.2,Single Donation Entity
1240,The Rt Hon Michael Moore Mp,14211.0,3,4737.0,Very Small Entity
1241,The Rt Hon Mike Penning Mp,218535.0,15,14569.0,Very Small Entity
1242,The Rt Hon Nicholas Brown Mp,9604.35,3,3201.4500000000003,Very Small Entity
1243,The Rt Hon Nick Clegg Mp,303857.0,38,7996.236842105263,Very Small Entity
1244,The Rt Hon Nick Herbert Mp,243376.76,36,6760.4655555555555,Very Small Entity
1245,The Rt Hon Nicky Morgan Mp,6000.0,1,6000.0,Single Donation Entity
1246,The Rt Hon Norman Baker Mp,2400.0,1,2400.0,Single Donation Entity
1247,The Rt Hon Norman Lamb Mp,76750.5,23,3336.978260869565,Very Small Entity
1248,The Rt Hon Oliver Letwin Mp,7550.0,2,3775.0,Very Small Entity
1249,The Rt Hon Owen Paterson Mp,59580.45,14,4255.746428571429,Very Small Entity
1250,The Rt Hon Patricia Hewitt Mp,10909.0,3,3636.3333333333335,Very Small Entity
1251,The Rt Hon Patrick Mcloughlin Mp,3700.0,2,1850.0,Very Small Entity
1252,The Rt Hon Paul Burstow Mp,5245.2,1,5245.2,Single Donation Entity
1253,The Rt Hon Paul Murphy Mp,2357.0,1,2357.0,Single Donation Entity
1254,The Rt Hon Peter Hain Mp,211900.95,36,5886.137500000001,Very Small Entity
1255,The Rt Hon Peter Lilley Mp,13770.71,5,2754.142,Very Small Entity
1256,The Rt Hon Philippa Whitford,6451.16,3,2150.3866666666668,Very Small Entity
1257,The Rt Hon Phillip Hammond Mp,6945.2,2,3472.6,Very Small Entity
1258,The Rt Hon Richard Ottaway Mp,3212.0,2,1606.0,Very Small Entity
1259,The Rt Hon Sadiq Khan Mp,363956.0,41,8876.975609756097,Very Small Entity
1260,The Rt Hon Sajid Javid Mp,303669.63,24,12652.90125,Very Small Entity
1261,The Rt Hon Shaun Woodward Mp,18550.0,3,6183.333333333333,Very Small Entity
1262,The Rt Hon Simon Burns Mp,55055.2,16,3440.95,Very Small Entity
1263,The Rt Hon Simon Hughes Mp,43250.54,8,5406.3175,Very Small Entity
1264,The Rt Hon Sir Alan Beith Mp,10645.2,4,2661.3,Very Small Entity
1265,The Rt Hon Sir Alan Duncan Mp,41067.52,15,2737.8346666666666,Very Small Entity
1266,The Rt Hon Sir Andrew Stunell Mp,5000.0,2,2500.0,Very Small Entity
1267,The Rt Hon Sir Gerald Kaufman Mp,5245.2,1,5245.2,Single Donation Entity
1268,The Rt Hon Sir John Stanley Mp,21765.8,6,3627.633333333333,Very Small Entity
1269,The Rt Hon Sir Malcolm Bruce Mp,27203.91,10,2720.391,Very Small Entity
1270,The Rt Hon Sir Malcolm Rifkind Qc Mp,68146.0,6,11357.666666666666,Very Small Entity
1271,The Rt Hon Sir Menzies Campbell Cbe Qc Mp,25995.2,4,6498.8,Very Small Entity
1272,The Rt Hon Sir Menzies Campbell Qc,47638.99,14,3402.785,Very Small Entity
1273,The Rt Hon Sir Nicholas Soames Mp,32790.2,8,4098.775,Very Small Entity
1274,The Rt Hon Sir Tony Baldry Mp,12345.2,3,4115.066666666667,Very Small Entity
1275,The Rt Hon Stephen Byers Mp,36621.090000000004,15,2441.4060000000004,Very Small Entity
1276,The Rt Hon Stephen Crabb Mp,20500.0,8,2562.5,Very Small Entity
1277,The Rt Hon Stephen Dorrell Mp,5000.0,1,5000.0,Single Donation Entity
1278,The Rt Hon Stephen R O'Brien Mp,350160.28,26,13467.703076923079,Very Small Entity
1279,The Rt Hon Stephen Timms Mp,28509.0,9,3167.6666666666665,Very Small Entity
1280,The Rt Hon Steve Webb Mp,3900.0,2,1950.0,Very Small Entity
1281,The Rt Hon Terence Anthony Gordon Davis,5245.2,1,5245.2,Single Donation Entity
1282,The Rt Hon Tessa Jowell Mp,189355.53,22,8607.069545454546,Very Small Entity
1283,The Rt Hon Theresa May Mp,281445.2,20,14072.26,Very Small Entity
1284,The Rt Hon Theresa Villiers Mp,13847.65,6,2307.9416666666666,Very Small Entity
1285,The Rt Hon Thomas Clarke Mp,5245.2,1,5245.2,Single Donation Entity
1286,The Rt Hon Tom Brake Mp,49701.0,11,4518.272727272727,Very Small Entity
1287,The Rt Hon Virginia Bottomley Mp,5245.2,1,5245.2,Single Donation Entity
1288,The Rt Hon William Hague Mp,194875.24,40,4871.880999999999,Very Small Entity
1289,The Rt Hon Yvette Cooper Mp,545172.3099999999,49,11125.96551020408,Very Small Entity
1290,The Scottish Research Society,74747.47,1,74747.47,Single Donation Entity
1291,The Socialist Party Of Great Britain,1196654.92,19,62981.83789473684,Very Small Entity
1292,The Spring Lunch,182976.0,16,11436.0,Very Small Entity
1293,The World Transformed,30232.76,1,30232.76,Single Donation Entity
1294,The Yorkshire Party,1000.0,1,1000.0,Single Donation Entity
1295,The Young Britons' Foundation,54999.0,2,27499.5,Very Small Entity
1296,Tmvo Ltd,9737.17,1,9737.17,Single Donation Entity
1297,Tom Pursglove Mp,3424.0,2,1712.0,Very Small Entity
1298,Tom Tugendhat,115870.0,10,11587.0,Very Small Entity
1299,Tom Watson Mp,529333.63,58,9126.441896551723,Small Entity
1300,Tomos Davies,2000.0,1,2000.0,Single Donation Entity
1301,Tory Reform Group,155087.0,47,3299.723404255319,Very Small Entity
1302,Tower Hamlets First [De-Registered 29/04/15],36975.39,1,36975.39,Single Donation Entity
1303,Trade Unionist And Socialist Coalition,81000.0,7,11571.42857142857,Very Small Entity
1304,Trade Unionists Against The European Union,168000.0,16,10500.0,Very Small Entity
1305,Trust [De-Registered 12/04/11],140000.0,4,35000.0,Very Small Entity
1306,Tulip Siddiq,10000.0,1,10000.0,Single Donation Entity
1307,Uk Independence Party (Ukip),17524378.76,1808,9692.687367256638,Uk Independence Party (Ukip)
1308,Uk-Eu Open Policy Limited (Campaign Name: Best For Britain),140000.0,6,23333.333333333332,Very Small Entity
1309,Uncaged Campaigns Ltd,5361.0,1,5361.0,Single Donation Entity
1310,Uncaged Campaigns Ltd - Lapsed 01/07/2006,2100.0,1,2100.0,Single Donation Entity
1311,Unite Against Fascism,203361.13,14,14525.795,Very Small Entity
1312,United & Cecil Club,124181.78,13,9552.444615384615,Very Small Entity
1313,United Kingdom First [De-Registered 12/04/10],25440.5,8,3180.0625,Very Small Entity
1314,Upminster And Cranham Residents Association,10000.0,1,10000.0,Single Donation Entity
1315,Veritas [De-Registered 05/05/16],23087.14,5,4617.428,Very Small Entity
1316,Veterans And People’S Party,1000.0,1,1000.0,Single Donation Entity
1317,Veterans For Britain,200000.0,3,66666.66666666667,Very Small Entity
1318,Virgin Management Limited,420000.0,2,210000.0,Very Small Entity
1319,Vote Cruelty Free,31905.0,5,6381.0,Very Small Entity
1320,Vote For A Change Ltd,539016.6799999999,7,77002.38285714285,Very Small Entity
1321,Vote Leave Limited,19671643.0,251,78373.0796812749,Medium Entity
1322,Vote-Ok,37250.0,5,7450.0,Very Small Entity
1323,Waging Peace,52224.0,4,13056.0,Very Small Entity
1324,Wagtv Limited,290000.0,10,29000.0,Very Small Entity
1325,Wake Up And Vote,200000.0,2,100000.0,Very Small Entity
1326,We Are Europe,685000.0,23,29782.608695652172,Very Small Entity
1327,We Demand A Referendum Now [De-Registered 03/11/16],110326.84,22,5014.856363636363,Very Small Entity
1328,Wes Streeting,46055.06,8,5756.8825,Very Small Entity
1329,Wfs2014 Ltd,30000.0,3,10000.0,Very Small Entity
1330,Will Quince Mp,36449.59,15,2429.9726666666666,Very Small Entity
1331,William Wragg Mp,2500.0,1,2500.0,Single Donation Entity
1332,Women'S Equality Party,1155408.46,51,22655.067843137254,Small Entity
1333,Women2Win,182050.0,16,11378.125,Very Small Entity
1334,Women4Theworld [De-Registered 08/06/09],53835.0,6,8972.5,Very Small Entity
1335,Working Hound Defence Campaign,470.0,1,470.0,Single Donation Entity
1336,Yes 2 Europe,12000.0,4,3000.0,Very Small Entity
1337,Yes Campaign Ltd,668.0,1,668.0,Single Donation Entity
1338,Yes In May 2011 Ltd,2228114.19,49,45471.71816326531,Very Small Entity
1339,Yes Scotland Limited,2431000.0,25,97240.0,Very Small Entity
1340,Yes4Thenortheast,220307.72,11,20027.974545454545,Very Small Entity
1341,Yvonne Fovargue Mp,6758.0599999999995,2,3379.0299999999997,Very Small Entity
1342,Zac Goldsmith Mp,50000.0,1,50000.0,Single Donation Entity
