,RegulatedEntityId,Regulated Entity Name,Regulated Entity Group,Donations Value,Donation Events,Donation Mean
0,17.0,English Democrats,Small Entity,99000.0,11,9000.0
1,19.0,Legalise Cannabis Alliance,Small Entity,35500.0,13,2730.769230769231
2,30.0,Upminster And Cranham Residents Association,Single Donation Entity,10000.0,1,10000.0
3,39.0,Sinn Féin,Medium Large Entity,2506699.11,359,6982.448774373259
4,44.0,Independent Kidderminster Hospital And Health Concern,Small Entity,31949.0,8,3993.625
5,46.0,Scottish Socialist Party,Medium Entity,558415.09,145,3851.138551724138
6,51.0,Conservative And Unionist Party,Conservative And Unionist Party,25900.0,6,4316.666666666667
7,52.0,Conservative And Unionist Party,Conservative And Unionist Party,419387649.81,20350,20608.72972039312
8,53.0,Labour Party,Labour Party,357496731.14,18126,19722.869421825002
9,54.0,Liberal Party,Small Entity,15076.32,14,1076.8799999999999
10,55.0,Sdlp (Social Democratic & Labour Party),Small Medium Entity,219396.48,27,8125.795555555556
11,58.0,Mebyon Kernow - Party For Cornwall,Very Small Entity,9410.9,4,2352.725
12,63.0,Green Party,Green Party,4872743.31,1020,4777.199323529411
13,66.0,Official Monster Raving Loony Party,Single Donation Entity,350.0,1,350.0
14,67.0,Alliance For Green Socialism,Single Donation Entity,9217.0,1,9217.0
15,69.0,Democratic Party,Single Donation Entity,100000.0,1,100000.0
16,70.0,Democratic Unionist Party - D.U.P.,Small Medium Entity,1031146.9,73,14125.300000000001
17,73.0,Socialist Labour Party,Very Small Entity,60200.0,2,30100.0
18,77.0,Plaid Cymru - Party Of Wales,Medium Large Entity,6037125.54,387,15599.807596899225
19,78.0,Communist Party Of Britain,Small Entity,210166.46,15,14011.097333333333
20,79.0,Christian Peoples Alliance,Small Medium Entity,145808.49,85,1715.3939999999998
21,83.0,Ulster Unionist Party,Small Medium Entity,194941.34,51,3822.3792156862746
22,85.0,Uk Independence Party (Ukip),Uk Independence Party (Ukip),17793986.89,1810,9830.931983425415
23,90.0,Liberal Democrats,Liberal Democrats,198550127.94,24382,8143.307683537036
24,102.0,Scottish National Party (Snp),Large Entity,21874218.830000002,660,33142.755803030304
25,103.0,Alliance - Alliance Party Of Northern Ireland,Small Medium Entity,212766.87,52,4091.6705769230766
26,106.0,British National Party,Medium Large Entity,3346978.48,296,11307.35972972973
27,110.0,Socialist Party Of Great Britain,Small Medium Entity,1196654.92,19,62981.83789473684
28,115.0,Prolife,Small Entity,65828.6,8,8228.575
29,116.0,Progressive Democratic Party,Very Small Entity,13000.0,2,6500.0
30,117.0,National Front,Single Donation Entity,6169.91,1,6169.91
31,119.0,Co-Operative Party,Large Entity,14922375.07,534,27944.522602996254
32,130.0,Scottish Green Party,Small Medium Entity,635273.29,94,6758.226489361702
33,133.0,Peace Party - Non-Violence Justice Environment,Single Donation Entity,6000.0,1,6000.0
34,138.0,Nork Residents' Association,Single Donation Entity,7945.0,1,7945.0
35,243.0,Social Democratic Party,Very Small Entity,12705.6,4,3176.4
36,250.0,Better Bedford Independent Party,Very Small Entity,27676.0,3,9225.333333333334
37,285.0,People's Alliance,Small Medium Entity,669125.57,24,27880.232083333332
38,305.0,Green Party,Green Party,103767.56,25,4150.7024
39,331.0,Forward Wales,Small Entity,55662.5,11,5060.227272727273
40,352.0,New Party,Medium Entity,1382819.88,146,9471.36904109589
41,362.0,Respect Party,Small Medium Entity,80482.95,16,5030.184375
42,375.0,Common Good,Single Donation Entity,14000.0,1,14000.0
43,387.0,Blair Must Go Party,Single Donation Entity,8200.0,1,8200.0
44,392.0,"Christian Party ""Proclaiming Christ'S Lordship""",Small Medium Entity,835937.49,34,24586.39676470588
45,424.0,Veritas,Very Small Entity,23087.14,5,4617.428
46,532.0,Mums' Army,Small Medium Entity,144161.8,16,9010.1125
47,559.0,Socialist Alliance,Single Donation Entity,101166.0,1,101166.0
48,582.0,Blah Party,Small Medium Entity,244335.95,25,9773.438
49,595.0,East Herts People,Very Small Entity,22047.71,2,11023.855
50,605.0,Mums4Justice,Small Entity,105869.75,12,8822.479166666666
51,617.0,Scottish Voice,Small Entity,125000.0,6,20833.333333333332
52,623.0,Women4Theworld,Small Entity,53835.0,6,8972.5
53,680.0,Traditional Unionist Voice - Tuv,Small Medium Entity,54267.119999999995,24,2261.1299999999997
54,695.0,Left List,Small Entity,15200.0,9,1688.888888888889
55,730.0,Yes 2 Europe,Very Small Entity,12000.0,4,3000.0
56,736.0,United Kingdom First,Small Entity,25440.5,8,3180.0625
57,742.0,Pro Democracy: Libertas.Eu,Small Medium Entity,107991.0,21,5142.428571428572
58,744.0,No2Eu:Yes To Democracy,Small Medium Entity,307470.66000000003,68,4521.627352941177
59,746.0,Jury Team,Very Small Entity,69500.29000000001,5,13900.058
60,750.0,Fair Pay Fair Trade Party,Very Small Entity,16040.0,2,8020.0
61,770.0,Pirate Party Uk,Single Donation Entity,210.0,1,210.0
62,773.0,People Before Profit Alliance,Small Medium Entity,57864.36,41,1411.3258536585365
63,786.0,Buckinghamshire Campaign For Democracy,Very Small Entity,50000.0,3,16666.666666666668
64,804.0,Trade Unionist And Socialist Coalition,Small Entity,81000.0,7,11571.42857142857
65,827.0,Freedom And Responsibility,Small Entity,28286.11,10,2828.611
66,840.0,Solihull And Meriden Residents Association,Single Donation Entity,11582.0,1,11582.0
67,849.0,Trust,Very Small Entity,140000.0,4,35000.0
68,882.0,We Demand A Referendum Now,Small Medium Entity,110326.84,22,5014.856363636363
69,909.0,Yes Campaign Ltd,Single Donation Entity,668.0,1,668.0
70,911.0,British Declaration Of Independence [The],Very Small Entity,16098.0,2,8049.0
71,914.0,Charter 88,Very Small Entity,164031.96000000002,3,54677.32000000001
72,916.0,Campaign For An Independent Britain Limited,Small Medium Entity,192900.0,20,9645.0
73,917.0,Society For The Protection Of Unborn Children,Single Donation Entity,27700.0,1,27700.0
74,920.0,Working Hound Defence Campaign,Single Donation Entity,470.0,1,470.0
75,922.0,Hope Not Hate Ltd,Small Medium Entity,1714029.0,69,24841.0
76,924.0,Unite Against Fascism,Small Entity,203361.13,14,14525.795
77,928.0,Waging Peace,Very Small Entity,52224.0,4,13056.0
78,930.0,Howard'S End Ltd,Single Donation Entity,8000.0,1,8000.0
79,935.0,Conservative Rural Action Group,Small Entity,588911.0,6,98151.83333333333
80,936.0,Uncaged Campaigns Ltd,Very Small Entity,14922.0,4,3730.5
81,937.0,Vote-Ok,Very Small Entity,37250.0,5,7450.0
82,938.0,Muslim Friends Of Labour,Very Small Entity,44810.0,3,14936.666666666666
83,939.0,League Against Cruel Sports (Uk) Limited,Small Medium Entity,183500.0,52,3528.846153846154
84,941.0,Tmvo Ltd,Single Donation Entity,9737.17,1,9737.17
85,954.0,Vote Cruelty Free,Very Small Entity,31905.0,5,6381.0
86,956.0,Vote For A Change Ltd,Small Entity,539016.6799999999,7,77002.38285714285
87,958.0,Democratic Reform Company,Small Entity,599721.66,9,66635.74
88,968.0,A Minority Pastime Limited,Single Donation Entity,6612.0,1,6612.0
89,969.0,Young Britons' Foundation,Very Small Entity,54999.0,2,27499.5
90,974.0,Yes4Thenortheast,Small Entity,320307.72,14,22879.122857142855
91,979.0,County Durham Council Supporters Club,Very Small Entity,5710.0,2,2855.0
92,983.0,North East Says No Ltd,Small Entity,160327.31,6,26721.218333333334
93,988.0,Friends Of Northumberland County (Fonc),Single Donation Entity,5000.0,1,5000.0
94,991.0,South East Northumberland Unitary Council,Single Donation Entity,3247.75,1,3247.75
95,1015.0,Yes In May 2011 Ltd,Small Medium Entity,2228114.19,49,45471.71816326531
96,1017.0,No Campaign Limited,Small Medium Entity,2518299.66,82,30710.971463414637
97,1018.0,Labour No To Av,Small Entity,401990.98000000004,6,66998.49666666667
98,1022.0,Charles Kennedy,Small Medium Entity,219600.0,33,6654.545454545455
99,1023.0,Imelda Mary Read,Small Medium Entity,37877.65,20,1893.8825000000002
100,1024.0,Brian Simpson,Small Entity,25758.9,12,2146.5750000000003
101,1025.0,Christian Socialist Movement,Very Small Entity,5400.0,2,2700.0
102,1026.0,Roger Casale,Small Entity,18770.309999999998,9,2085.5899999999997
103,1027.0,Roy Perry,Very Small Entity,6933.9,2,3466.95
104,1028.0,Edward Davey,Small Entity,14607.0,6,2434.5
105,1029.0,Andrew Lansley,Very Small Entity,46245.2,4,11561.3
106,1030.0,Robert Laxton,Very Small Entity,13897.48,3,4632.493333333333
107,1032.0,Lord Richard Inglewood,Small Entity,26073.6,6,4345.599999999999
108,1033.0,Gillian Shephard,Single Donation Entity,5245.2,1,5245.2
109,1034.0,Desmond Swayne,Very Small Entity,13745.2,3,4581.733333333334
110,1035.0,Dr Liam Fox,Medium Entity,1649064.68,176,9369.685681818182
111,1036.0,Michael Fabricant,Very Small Entity,10345.2,2,5172.6
112,1037.0,Struan Stevenson,Single Donation Entity,3933.9,1,3933.9
113,1038.0,Christopher Heaton-Harris,Single Donation Entity,3933.9,1,3933.9
114,1039.0,Michael Denzil Xavier Portillo,Small Medium Entity,96080.0,27,3558.5185185185187
115,1040.0,David Clelland,Very Small Entity,6845.2,2,3422.6
116,1041.0,Dame Anne Begg,Very Small Entity,9754.33,3,3251.443333333333
117,1042.0,John Whittingdale,Small Entity,27914.27,10,2791.427
118,1043.0,Barbara Follett,Single Donation Entity,5245.2,1,5245.2
119,1044.0,Nicholas John Gibb,Single Donation Entity,5245.2,1,5245.2
120,1045.0,John Greenway,Single Donation Entity,5245.2,1,5245.2
121,1046.0,Robert Walter,Small Entity,18490.2,6,3081.7000000000003
122,1047.0,James Paice,Single Donation Entity,5245.2,1,5245.2
123,1048.0,Jonathan Sayeed,Single Donation Entity,5245.2,1,5245.2
124,1049.0,Dominic Grieve,Very Small Entity,8245.2,2,4122.6
125,1050.0,Caroline Spelman,Small Entity,26513.7,6,4418.95
126,1051.0,Dr Rudi Vis,Single Donation Entity,5245.2,1,5245.2
127,1052.0,Bill Newton Dunn,Very Small Entity,15735.6,4,3933.9
128,1053.0,Chris Huhne,Small Medium Entity,260381.12,68,3829.1341176470587
129,1054.0,Lord Nicholas Bethell,Single Donation Entity,3933.9,1,3933.9
130,1055.0,Philip Bradbourne,Single Donation Entity,3933.9,1,3933.9
131,1056.0,Andrew Duff,Single Donation Entity,3933.9,1,3933.9
132,1057.0,Graham Watson,Single Donation Entity,3933.9,1,3933.9
133,1058.0,Liberal Democrats Scottish Parliamentary Party,Small Medium Entity,113270.7,20,5663.535
134,1059.0,Jacqueline Foster,Very Small Entity,7758.9,2,3879.45
135,1060.0,David Sumberg,Very Small Entity,7758.9,2,3879.45
136,1061.0,Crispin Jeremy Rupert Blunt,Small Medium Entity,132516.11,34,3897.532647058823
137,1062.0,Richard Balfe,Single Donation Entity,3933.9,1,3933.9
138,1063.0,Tom Harris,Single Donation Entity,5245.2,1,5245.2
139,1064.0,Dr Robert Spink,Very Small Entity,15006.5,4,3751.625
140,1066.0,Tim Boswell,Very Small Entity,13859.2,2,6929.6
141,1067.0,Thomas Mcavoy,Single Donation Entity,5245.2,1,5245.2
142,1068.0,Stephen S. Hughes,Single Donation Entity,3933.9,1,3933.9
143,1069.0,Fraser Kemp,Very Small Entity,6653.4,2,3326.7
144,1070.0,Syd Rapson,Single Donation Entity,5245.2,1,5245.2
145,1071.0,Peter Bottomley,Very Small Entity,10345.2,2,5172.6
146,1072.0,Tony Baldry,Very Small Entity,12345.2,3,4115.066666666667
147,1073.0,Ann Mckechin,Very Small Entity,6329.2,2,3164.6
148,1074.0,Howard Flight,Single Donation Entity,5245.2,1,5245.2
149,1075.0,Stephen Hesford,Single Donation Entity,5245.2,1,5245.2
150,1076.0,Malcolm Moss,Very Small Entity,14758.2,3,4919.400000000001
151,1077.0,James Bovan,Single Donation Entity,3933.9,1,3933.9
152,1078.0,Alex Salmond,Very Small Entity,27431.97,4,6857.9925
153,1079.0,David Lammy,Small Medium Entity,490241.35,78,6285.1455128205125
154,1080.0,Tim Collins,Very Small Entity,16888.2,2,8444.1
155,1081.0,Jimmy Hood,Very Small Entity,13645.2,3,4548.400000000001
156,1082.0,Gary Titley,Very Small Entity,15258.9,4,3814.725
157,1083.0,Roger Godsiff,Small Entity,31389.0,10,3138.9
158,1084.0,Claire Ward,Very Small Entity,9745.2,2,4872.6
159,1086.0,Philip Bushill-Matthews,Single Donation Entity,3933.9,1,3933.9
160,1087.0,John Redwood,Single Donation Entity,5245.2,1,5245.2
161,1088.0,George Iain Duncan-Smith,Small Medium Entity,100007.5,18,5555.972222222223
162,1089.0,Hugh Bayley,Very Small Entity,17345.2,3,5781.733333333334
163,1090.0,John Cummings,Single Donation Entity,5245.2,1,5245.2
164,1091.0,John Corrie,Single Donation Entity,3933.9,1,3933.9
165,1092.0,Piara Khabra,Single Donation Entity,5245.2,1,5245.2
166,1093.0,Nigel Evans,Small Medium Entity,94135.2,26,3620.584615384615
167,1094.0,Dr Gavin Strang,Single Donation Entity,5245.2,1,5245.2
168,1095.0,Andrew Dismore,Very Small Entity,6445.2,2,3222.6
169,1096.0,Nigel Farage,Small Medium Entity,62107.9,16,3881.74375
170,1097.0,David Hamilton,Very Small Entity,18241.2,5,3648.2400000000002
171,1098.0,David Lidington,Small Entity,40652.25,12,3387.6875
172,1099.0,Alan Meale,Very Small Entity,12245.2,2,6122.6
173,1100.0,Ian Hudghton,Single Donation Entity,3933.9,1,3933.9
174,1101.0,Roger Helmer,Single Donation Entity,3933.9,1,3933.9
175,1102.0,Jonathan Evans,Very Small Entity,8933.9,2,4466.95
176,1103.0,Virginia Bottomley,Single Donation Entity,5245.2,1,5245.2
177,1104.0,Jacqui Lait,Single Donation Entity,5245.2,1,5245.2
178,1105.0,Dr Howard Stoate,Very Small Entity,10745.2,2,5372.6
179,1106.0,John Robertson,Small Entity,33401.37,10,3340.137
180,1107.0,Dr Charles Tannock,Very Small Entity,17584.87,5,3516.9739999999997
181,1108.0,James Provan,Single Donation Entity,3933.9,1,3933.9
182,1109.0,Daniel Hannan,Single Donation Entity,3933.9,1,3933.9
183,1110.0,Cheryl Gillan,Single Donation Entity,5245.2,1,5245.2
184,1111.0,Bill Tynan,Single Donation Entity,5245.2,1,5245.2
185,1112.0,Edward Garnier,Small Entity,24817.41,8,3102.17625
186,1113.0,Peter Lilley,Very Small Entity,13770.71,5,2754.142
187,1114.0,Michael Clapham,Very Small Entity,10345.2,2,5172.6
188,1115.0,George Osborne,Small Medium Entity,360414.51,31,11626.274516129033
189,1116.0,Frank Roy,Very Small Entity,11770.2,3,3923.4
190,1117.0,Julie Kirkbride,Very Small Entity,12302.05,2,6151.025
191,1118.0,Brian White,Single Donation Entity,5245.2,1,5245.2
192,1119.0,James Chapman,Single Donation Entity,5245.2,1,5245.2
193,1120.0,David Chaytor,Very Small Entity,15345.2,3,5115.066666666667
194,1121.0,Dr Lynne Jones,Very Small Entity,6415.2,2,3207.6
195,1122.0,Charles Hendry,Very Small Entity,9845.2,4,2461.3
196,1123.0,Dr Brian Iddon,Very Small Entity,10345.2,2,5172.6
197,1124.0,Robert Goodwill,Small Entity,39782.6,10,3978.2599999999998
198,1125.0,Keith Simpson,Small Entity,42224.49,10,4222.449
199,1126.0,Martyn Jones,Very Small Entity,10345.2,2,5172.6
200,1127.0,Rosemary Mckenna,Single Donation Entity,5245.2,1,5245.2
201,1128.0,Gerald Kaufman,Single Donation Entity,5245.2,1,5245.2
202,1129.0,Michael Cashman,Single Donation Entity,3933.9,1,3933.9
203,1130.0,Oliver Heald,Single Donation Entity,5245.2,1,5245.2
204,1131.0,Quentin Davies,Very Small Entity,6545.2,2,3272.6
205,1132.0,Linda Mcavan,Very Small Entity,7758.9,2,3879.45
206,1133.0,David Davis,Small Medium Entity,878596.06,96,9152.042291666667
207,1134.0,Theresa Villiers,Small Entity,13847.65,6,2307.9416666666666
208,1135.0,Adam Ingram,Single Donation Entity,5245.2,1,5245.2
209,1136.0,Archy Kirkwood,Single Donation Entity,5245.2,1,5245.2
210,1137.0,David Cameron,Small Medium Entity,1030460.4,98,10514.902040816327
211,1138.0,Bridget Prentice,Single Donation Entity,5245.2,1,5245.2
212,1139.0,Tony Worthington,Single Donation Entity,5245.2,1,5245.2
213,1140.0,Kevin Mcnamara,Single Donation Entity,5245.2,1,5245.2
214,1141.0,Nigel Jones,Single Donation Entity,5245.2,1,5245.2
215,1142.0,Peter Viggers,Very Small Entity,14245.2,3,4748.400000000001
216,1143.0,Menzies Campbell Cbe,Very Small Entity,25995.2,4,6498.8
217,1144.0,Patrick Mercer,Very Small Entity,6322.9,2,3161.45
218,1145.0,Roger Berry,Single Donation Entity,5245.2,1,5245.2
219,1146.0,John Austin,Very Small Entity,10845.2,3,3615.066666666667
220,1147.0,Nigel Waterson,Very Small Entity,6245.2,2,3122.6
221,1148.0,Ian Davidson,Very Small Entity,8545.2,2,4272.6
222,1149.0,Paul Tyler,Single Donation Entity,5245.2,1,5245.2
223,1150.0,Matthew Taylor,Very Small Entity,13245.2,3,4415.066666666667
224,1151.0,Bob Blizzard,Small Entity,17445.2,6,2907.5333333333333
225,1152.0,Terence Anthony Gordon Davis,Single Donation Entity,5245.2,1,5245.2
226,1153.0,Paul Burstow,Single Donation Entity,5245.2,1,5245.2
227,1154.0,Robert Jackson,Single Donation Entity,5245.2,1,5245.2
228,1155.0,Laura Moffatt,Very Small Entity,6943.2699999999995,2,3471.6349999999998
229,1156.0,John Thurso,Single Donation Entity,5245.2,1,5245.2
230,1157.0,Julian Brazier,Very Small Entity,6509.75,2,3254.875
231,1158.0,Iain Stewart,Small Medium Entity,101685.36,39,2607.316923076923
232,1159.0,Eric Illsley,Very Small Entity,10245.2,2,5122.6
233,1160.0,Sydney Chapman,Single Donation Entity,5245.2,1,5245.2
234,1161.0,Clive Betts,Very Small Entity,10345.2,2,5172.6
235,1162.0,James Gray,Very Small Entity,13118.2,5,2623.6400000000003
236,1163.0,Sandra Osborne,Single Donation Entity,5245.2,1,5245.2
237,1164.0,Elfyn Llwyd,Very Small Entity,15977.189999999999,5,3195.4379999999996
238,1165.0,Henry Bellingham,Single Donation Entity,5245.2,1,5245.2
239,1166.0,Bill Rammell,Very Small Entity,10345.2,2,5172.6
240,1167.0,Gary Nicholas Streeter,Very Small Entity,18033.2,4,4508.3
241,1168.0,Chris Pond,Single Donation Entity,5245.2,1,5245.2
242,1169.0,Nicholas Palmer,Very Small Entity,8245.2,3,2748.4
243,1170.0,Michael Connarty,Very Small Entity,16446.7,5,3289.34
244,1171.0,Frank Cook,Very Small Entity,8245.2,2,4122.6
245,1172.0,Chris Smith,Single Donation Entity,5245.2,1,5245.2
246,1173.0,Stephen Pound,Small Entity,21602.2,6,3600.366666666667
247,1174.0,Denis Macshane,Very Small Entity,16764.41,5,3352.882
248,1175.0,John Gummer,Single Donation Entity,5245.2,1,5245.2
249,1176.0,Michael Weir,Very Small Entity,6322.2,2,3161.1
250,1177.0,Michael Ancram,Small Medium Entity,169612.94,36,4711.470555555556
251,1178.0,Hugh Robertson,Very Small Entity,7920.2,3,2640.0666666666666
252,1179.0,Colin Edward Breed,Very Small Entity,11595.2,3,3865.066666666667
253,1180.0,Matthew Green,Single Donation Entity,5245.2,1,5245.2
254,1181.0,Kevin Brennan,Very Small Entity,6945.2,2,3472.6
255,1182.0,David Hanson,Very Small Entity,10345.2,2,5172.6
256,1183.0,Dan Norris,Very Small Entity,9484.2,2,4742.1
257,1184.0,Stephen R O'Brien,Small Medium Entity,350160.28,26,13467.703076923079
258,1185.0,David Chidgey,Single Donation Entity,5245.2,1,5245.2
259,1186.0,Richard Ottoway,Single Donation Entity,5245.2,1,5245.2
260,1187.0,Teddy Taylor,Single Donation Entity,5245.2,1,5245.2
261,1188.0,Mark Oaten,Small Entity,29467.28,7,4209.611428571428
262,1189.0,David Amess,Small Medium Entity,87063.27,21,4145.87
263,1190.0,David Marshall,Very Small Entity,10345.2,2,5172.6
264,1191.0,Douglas Henderson,Very Small Entity,6246.2,2,3123.1
265,1192.0,Christopher Beazley,Single Donation Entity,3933.9,1,3933.9
266,1193.0,James Elles,Single Donation Entity,3933.9,1,3933.9
267,1194.0,Arlene Mccarthy,Single Donation Entity,3933.9,1,3933.9
268,1195.0,Jeffrey Titford,Single Donation Entity,3933.9,1,3933.9
269,1196.0,Edward Mcmillan-Scott,Single Donation Entity,3933.9,1,3933.9
270,1197.0,John C. Bowis,Single Donation Entity,3933.9,1,3933.9
271,1198.0,Bashir Khanbhai,Single Donation Entity,3933.9,1,3933.9
272,1199.0,David Martin,Single Donation Entity,3933.9,1,3933.9
273,1200.0,John Purvis,Single Donation Entity,3933.9,1,3933.9
274,1201.0,Robert Sturdy,Single Donation Entity,3933.9,1,3933.9
275,1202.0,Frank Doran,Single Donation Entity,5245.2,1,5245.2
276,1203.0,Leeds Liberal Democrat Federation,Single Donation Entity,3000.0,1,3000.0
277,1204.0,Christopher Ruane,Very Small Entity,12045.2,3,4015.066666666667
278,1205.0,Tim Loughton,Small Medium Entity,181996.07,27,6740.595185185185
279,1206.0,Robert N Wareing,Very Small Entity,10345.2,2,5172.6
280,1207.0,John Mcfall,Small Entity,21901.72,6,3650.286666666667
281,1209.0,Mike Gapes,Small Entity,45451.2,10,4545.12
282,1210.0,John Barrett,Single Donation Entity,5245.2,1,5245.2
283,1211.0,Michael Thomas Hancock,Very Small Entity,7245.2,2,3622.6
284,1212.0,Helen Jones,Very Small Entity,10121.51,3,3373.8366666666666
285,1213.0,Jeff Ennis,Very Small Entity,6845.2,2,3422.6
286,1214.0,Greg Pope,Single Donation Entity,5100.0,1,5100.0
287,1215.0,Jackie Lawrence,Single Donation Entity,5245.2,1,5245.2
288,1216.0,Dame Joan Ruddock,Very Small Entity,7996.82,2,3998.41
289,1217.0,Michael Mayes,Single Donation Entity,5245.2,1,5245.2
290,1218.0,Diana Wallis,Single Donation Entity,3825.0,1,3825.0
291,1219.0,Paul Keetch,Very Small Entity,13245.2,2,6622.6
292,1220.0,Barry Gardiner,Small Medium Entity,536896.48,50,10737.9296
293,1221.0,Wayne David,Small Entity,18191.739999999998,7,2598.8199999999997
294,1222.0,Bill Miller,Single Donation Entity,3933.9,1,3933.9
295,1223.0,Mark Fisher,Very Small Entity,16280.0,4,4070.0
296,1224.0,Adam Price,Very Small Entity,13345.2,3,4448.400000000001
297,1225.0,Archie Norman,Very Small Entity,10345.2,2,5172.6
298,1226.0,Lorna Fitzsimons,Very Small Entity,10345.2,2,5172.6
299,1227.0,Tim Yeo,Small Entity,53110.96,15,3540.730666666667
300,1228.0,Andrew Miller,Very Small Entity,16753.2,5,3350.6400000000003
301,1229.0,Alan Beith,Very Small Entity,10645.2,4,2661.3
302,1230.0,Caroline Jackson,Single Donation Entity,3933.9,1,3933.9
303,1231.0,John Lyons,Single Donation Entity,5245.2,1,5245.2
304,1232.0,Jean Lambert,Single Donation Entity,369.24,1,369.24
305,1233.0,Lembit Opik,Small Entity,17660.6,6,2943.433333333333
306,1234.0,Jim Cousins,Single Donation Entity,5245.2,1,5245.2
307,1235.0,Francis Maude,Very Small Entity,6246.2,2,3123.1
308,1236.0,Eluned Morgan,Single Donation Entity,3933.9,1,3933.9
309,1237.0,Barry Sheerman,Very Small Entity,15107.849999999999,4,3776.9624999999996
310,1238.0,Andrew Mackay,Very Small Entity,13536.2,3,4512.066666666667
311,1239.0,Ian Taylor Mbe,Very Small Entity,13855.2,5,2771.04
312,1240.0,Martin Salter,Single Donation Entity,5245.2,1,5245.2
313,1241.0,Richard Page,Single Donation Entity,5245.2,1,5245.2
314,1242.0,Ben Chapman,Very Small Entity,9139.0,3,3046.3333333333335
315,1243.0,Diana Mary Organ,Single Donation Entity,5245.2,1,5245.2
316,1244.0,Liz Lynne,Very Small Entity,10394.4,2,5197.2
317,1245.0,Malcolm Bruce,Small Entity,27203.91,10,2720.391
318,1246.0,Socialist Environment And Resources Association,Very Small Entity,10155.0,2,5077.5
319,1247.0,Helen Jackson,Single Donation Entity,5100.0,1,5100.0
320,1248.0,John Mann,Small Medium Entity,82860.82,30,2762.0273333333334
321,1249.0,David Cairns,Very Small Entity,11338.52,5,2267.704
322,1250.0,Vera Baird,Single Donation Entity,5245.2,1,5245.2
323,1251.0,Laurence Robertson,Small Entity,38453.79,12,3204.4825
324,1252.0,Gwyn Prosser,Single Donation Entity,5245.2,1,5245.2
325,1253.0,Paul Goggins,Single Donation Entity,5100.0,1,5100.0
326,1254.0,Simon Murphy,Single Donation Entity,6460.5,1,6460.5
327,1255.0,Keith Bradley,Single Donation Entity,5100.0,1,5100.0
328,1256.0,Geoffrey Van Orden,Single Donation Entity,3933.9,1,3933.9
329,1257.0,Angela Browning,Single Donation Entity,5245.2,1,5245.2
330,1258.0,Dave Watts,Very Small Entity,20167.370000000003,4,5041.842500000001
331,1259.0,Dr Lewis Moonie,Single Donation Entity,5245.2,1,5245.2
332,1260.0,Peter Hain,Small Medium Entity,423801.9,72,5886.137500000001
333,1261.0,James Purnell,Small Entity,22913.53,8,2864.19125
334,1262.0,Peter Kilfoyle,Single Donation Entity,5245.2,1,5245.2
335,1263.0,Gisela Stuart,Small Entity,25848.13,9,2872.0144444444445
336,1264.0,Michael Moore,Very Small Entity,14211.0,3,4737.0
337,1265.0,Eryl Mcnally,Single Donation Entity,3933.3,1,3933.3
338,1266.0,Bruce George,Very Small Entity,9885.1,3,3295.0333333333333
339,1267.0,Tony Lloyd,Small Entity,22050.91,9,2450.101111111111
340,1268.0,Phillip Hammond,Very Small Entity,6945.2,2,3472.6
341,1269.0,George Foulkes,Single Donation Entity,5245.2,1,5245.2
342,1270.0,Kenneth Clarke,Small Medium Entity,438033.82,72,6083.803055555556
343,1272.0,Scottish National Party Parliamentary Group,Very Small Entity,56648.55,3,18882.850000000002
344,1273.0,Snp Westminster Parliamentary Group,Single Donation Entity,27099.93,1,27099.93
345,1275.0,Paul Flynn,Single Donation Entity,5245.2,1,5245.2
346,1276.0,Peter Duncan,Single Donation Entity,5245.2,1,5245.2
347,1277.0,Tory Reform Group,Small Medium Entity,155087.0,47,3299.723404255319
348,1278.0,Parliamentary Mainstream,Small Medium Entity,97087.0,44,2206.5227272727275
349,1279.0,Conservatives For Change Ltd,Small Entity,189000.0,14,13500.0
350,1280.0,Thomas Clarke,Single Donation Entity,5245.2,1,5245.2
351,1281.0,Conservative Group For Europe,Small Medium Entity,188587.0,51,3697.7843137254904
352,1282.0,Harry Cohen,Single Donation Entity,5245.2,1,5245.2
353,1283.0,Andrew Rosindell,Small Medium Entity,182416.24,63,2895.495873015873
354,1284.0,Richard Burden,Small Entity,27874.65,10,2787.465
355,1285.0,Glyn Ford,Very Small Entity,29000.0,5,5800.0
356,1286.0,James Arbuthnot,Small Entity,23382.1,9,2598.011111111111
357,1287.0,Miss Anne Mcintosh,Single Donation Entity,5245.2,1,5245.2
358,1288.0,Simon Burns,Small Medium Entity,55055.2,16,3440.95
359,1289.0,Humfrey Malins Cbe,Single Donation Entity,5245.2,1,5245.2
360,1290.0,Wendy Alexander,Very Small Entity,12950.0,3,4316.666666666667
361,1291.0,Richard Spring,Small Entity,38548.15,12,3212.3458333333333
362,1292.0,Graham Brady,Small Entity,42945.42,7,6135.0599999999995
363,1293.0,Margaret Moran,Very Small Entity,8733.2,2,4366.6
364,1294.0,Robin Cook,Single Donation Entity,5245.2,1,5245.2
365,1295.0,Peter Luff,Small Entity,22379.2,6,3729.866666666667
366,1296.0,Theresa May,Small Medium Entity,281445.2,20,14072.26
367,1297.0,David Laurie Ruffley,Small Entity,68450.89,12,5704.240833333333
368,1298.0,John Spellar,Small Entity,40916.46,14,2922.6042857142857
369,1299.0,John Maples,Single Donation Entity,5245.2,1,5245.2
370,1300.0,Nicky Gavron,Very Small Entity,12446.1,4,3111.525
371,1301.0,Michael Martin,Single Donation Entity,5245.2,1,5245.2
372,1302.0,Richard Corbett,Very Small Entity,8694.42,2,4347.21
373,1303.0,A. A. Craig,Small Entity,12100.0,11,1100.0
374,1304.0,R Shannon,Single Donation Entity,3618.94,1,3618.94
375,1305.0,Conservative Christian Fellowship,Small Medium Entity,1123627.54,33,34049.3193939394
376,1306.0,Progress Ltd,Medium Entity,4706893.16,114,41288.53649122807
377,1307.0,Robert Key,Single Donation Entity,5245.2,1,5245.2
378,1308.0,Kevan Jones,Small Entity,32611.25,7,4658.75
379,1309.0,Nicolla Page,Single Donation Entity,10912.16,1,10912.16
380,1310.0,Norris For London Campaign,Small Medium Entity,493400.0,33,14951.515151515152
381,1311.0,David A Laws,Single Donation Entity,4000.0,1,4000.0
382,1312.0,Michael Howard,Small Medium Entity,164002.0,40,4100.05
383,1313.0,Steve Webb,Very Small Entity,3900.0,2,1950.0
384,1314.0,Karen Buck,Very Small Entity,38225.0,5,7645.0
385,1315.0,Dr Ashok Kumar,Small Entity,18882.8,7,2697.542857142857
386,1316.0,John Grogan,Small Entity,17002.0,6,2833.6666666666665
387,1317.0,Bill Wiggin,Very Small Entity,12000.0,3,4000.0
388,1318.0,Adam Holloway,Small Medium Entity,62682.0,22,2849.181818181818
389,1319.0,Mark Field,Small Entity,44690.0,12,3724.1666666666665
390,1320.0,Harriet Harman,Small Medium Entity,137535.6,52,2644.915384615385
391,1321.0,Michael Russell,Very Small Entity,8250.0,2,4125.0
392,1322.0,Ross Cranston,Single Donation Entity,2346.43,1,2346.43
393,1323.0,Colin Challen,Very Small Entity,7630.0,4,1907.5
394,1324.0,Ken Purchase,Very Small Entity,7800.0,5,1560.0
395,1325.0,Paul Clark,Single Donation Entity,5000.0,1,5000.0
396,1326.0,Dennis Turner,Single Donation Entity,1500.0,1,1500.0
397,1327.0,Constituency Campaigning Services Board,Small Medium Entity,1976631.99,36,54906.44416666667
398,1328.0,Anthony Rowlands,Single Donation Entity,1250.0,1,1250.0
399,1329.0,Nicholas Brown,Very Small Entity,9604.35,3,3201.4500000000003
400,1330.0,Sarah Teather,Small Entity,16341.55,6,2723.5916666666667
401,1331.0,Joan Humble,Single Donation Entity,3000.0,1,3000.0
402,1332.0,Jeremy Hunt,Small Medium Entity,542919.34,52,10440.756538461537
403,1333.0,Christopher Grayling,Small Medium Entity,362227.3,23,15749.01304347826
404,1334.0,Andrew Mitchell,Small Medium Entity,626163.24,86,7280.967906976744
405,1335.0,Nick Herbert,Small Medium Entity,243376.76,36,6760.4655555555555
406,1336.0,Malcolm Rifkind,Small Entity,136292.0,12,11357.666666666666
407,1339.0,Graham Stuart,Small Entity,39602.04,13,3046.3107692307694
408,1340.0,Greg Clark,Very Small Entity,15000.0,4,3750.0
409,1341.0,Menzies Campbell,Small Entity,47638.99,14,3402.785
410,1342.0,Denis Murphy,Very Small Entity,15500.0,3,5166.666666666667
411,1343.0,Mary Creagh,Very Small Entity,8850.0,3,2950.0
412,1345.0,Stephen Byers,Small Entity,36621.090000000004,15,2441.4060000000004
413,1346.0,Simon Hughes,Small Medium Entity,86501.08,16,5406.3175
414,1347.0,James Brokenshire,Single Donation Entity,7500.0,1,7500.0
415,1348.0,David Anderson,Small Entity,25812.6,10,2581.2599999999998
416,1349.0,Clare Short,Small Medium Entity,60373.96,25,2414.9584
417,1350.0,John Bercow,Small Entity,63951.91,15,4263.460666666667
418,1351.0,Stuart Bell,Very Small Entity,7162.0,2,3581.0
419,1352.0,Andrew George,Very Small Entity,11441.22,5,2288.2439999999997
420,1353.0,Jim Dowd,Single Donation Entity,3000.0,1,3000.0
421,1354.0,Janet Anderson,Single Donation Entity,3000.0,1,3000.0
422,1355.0,Mark Simmonds,Small Entity,36645.76,9,4071.751111111111
423,1356.0,Paul Goodman,Very Small Entity,8855.0,3,2951.6666666666665
424,1357.0,Norman Baker,Single Donation Entity,2400.0,1,2400.0
425,1358.0,Nick Clegg,Small Medium Entity,607714.0,76,7996.236842105263
426,1359.0,Phil Willis,Single Donation Entity,1323.5,1,1323.5
427,1360.0,Mohammed Sarwar,Single Donation Entity,3286.26,1,3286.26
428,1361.0,Edward Vaizey,Very Small Entity,16274.79,5,3254.958
429,1362.0,Jessica Morden,Very Small Entity,5594.469999999999,2,2797.2349999999997
430,1363.0,James Duddridge,Small Entity,24615.1,7,3516.442857142857
431,1364.0,Paul Murphy,Single Donation Entity,2357.0,1,2357.0
432,1365.0,Quality Of Life Policy Group,Small Entity,258281.3,14,18448.664285714283
433,1366.0,Mark Prisk,Very Small Entity,12334.0,3,4111.333333333333
434,1367.0,John Stanley,Small Entity,21765.8,6,3627.633333333333
435,1368.0,Tobias Ellwood,Small Entity,26358.34,10,2635.834
436,1369.0,Alan Duncan,Small Entity,41067.52,15,2737.8346666666666
437,1370.0,Brooks Newmark,Very Small Entity,9070.33,3,3023.443333333333
438,1371.0,Michael Fallon,Very Small Entity,18767.989999999998,5,3753.5979999999995
439,1372.0,Keith Vaz,Very Small Entity,13649.89,3,4549.963333333333
440,1373.0,Geoffrey Clifton-Brown,Small Entity,31185.69,9,3465.0766666666664
441,1374.0,Annette Brooke,Very Small Entity,3398.0,2,1699.0
442,1375.0,John Mcdonnell,Very Small Entity,7000.0,2,3500.0
443,1376.0,Brian Donohoe,Small Entity,34866.130000000005,9,3874.014444444445
444,1377.0,Jonathan Cruddas,Small Medium Entity,332944.66000000003,24,13872.694166666668
445,1379.0,Kerry Mccarthy,Small Entity,25016.45,9,2779.605555555556
446,1380.0,Andrew Tyrie,Very Small Entity,21800.0,3,7266.666666666667
447,1381.0,Hazel Blears,Small Entity,86115.78,13,6624.290769230769
448,1382.0,Alan Johnson,Small Medium Entity,138418.0,46,3009.086956521739
449,1383.0,Geoff Hoon,Very Small Entity,5039.0,2,2519.5
450,1384.0,Hilary Benn,Small Entity,33925.0,9,3769.4444444444443
451,1385.0,Rosie Cooper,Very Small Entity,22123.0,4,5530.75
452,1387.0,Frank Dobson,Very Small Entity,13235.0,4,3308.75
453,1388.0,Charles Clarke,Small Entity,23574.8,8,2946.85
454,1389.0,Gordon Brown,Small Medium Entity,511402.66,58,8817.28724137931
455,1390.0,Conservative Middle East Council,Small Medium Entity,1551393.51,69,22483.963913043477
456,1391.0,Alan Milburn,Small Entity,37213.13,7,5316.161428571429
457,1392.0,Andy Slaughter,Very Small Entity,18569.52,5,3713.904
458,1393.0,Dame Angela Watkinson,Very Small Entity,13465.8,5,2693.16
459,1394.0,Mark Lancaster,Small Entity,38216.35,12,3184.695833333333
460,1395.0,Emily Thornberry,Very Small Entity,3229.0,4,807.25
461,1396.0,Owen Paterson,Small Entity,59580.45,14,4255.746428571429
462,1397.0,Floyd Millen,Very Small Entity,1500.0,2,750.0
463,1398.0,Glenis Willmott,Very Small Entity,31000.0,5,6200.0
464,1399.0,Lynne Featherstone,Single Donation Entity,3507.25,1,3507.25
465,1400.0,Dr Stephen Ladyman,Very Small Entity,14100.0,4,3525.0
466,1401.0,Hugo Swire,Small Entity,34048.49,10,3404.8489999999997
467,1402.0,Boris Johnson,Medium Large Entity,3028094.26,282,10737.922907801418
468,1403.0,Sally Keeble,Very Small Entity,7400.0,2,3700.0
469,1404.0,South Ribble Westminster Fund,Very Small Entity,35000.0,3,11666.666666666666
470,1405.0,Philip Dunne,Very Small Entity,13273.09,4,3318.2725
471,1406.0,Andy Reed,Very Small Entity,3757.08,2,1878.54
472,1407.0,Julie Morgan,Very Small Entity,8942.1,4,2235.525
473,1409.0,Rachel Reeves,Small Entity,84619.5,13,6509.192307692308
474,1411.0,Mark Francois,Very Small Entity,13391.29,4,3347.8225
475,1412.0,Derek Wyatt,Small Entity,44255.39,15,2950.3593333333333
476,1413.0,Shahid Malik,Very Small Entity,15000.0,2,7500.0
477,1414.0,Richard Howitt,Very Small Entity,14402.55,5,2880.5099999999998
478,1415.0,Colin Burgon,Very Small Entity,3674.35,3,1224.7833333333333
479,1416.0,Alistair Carmichael,Small Entity,82394.34999999999,12,6866.195833333332
480,1417.0,Katy Clark,Small Entity,28854.45,12,2404.5375
481,1418.0,Conservative Muslim Forum,Small Medium Entity,260820.0,30,8694.0
482,1419.0,Mark Hendrick,Small Entity,60382.16,15,4025.4773333333337
483,1420.0,Andrew Selous,Single Donation Entity,8000.0,1,8000.0
484,1421.0,Andrew Stunell,Very Small Entity,5000.0,2,2500.0
485,1422.0,David Willetts,Small Entity,67335.79000000001,11,6121.435454545455
486,1423.0,Andrew Robathan,Very Small Entity,11762.0,4,2940.5
487,1424.0,Jim Fitzpatrick,Very Small Entity,18180.0,4,4545.0
488,1426.0,Daniel Kawczynski,Small Medium Entity,62387.78,18,3465.987777777778
489,1428.0,Mark Adrian Clarke,Very Small Entity,9000.0,3,3000.0
490,1429.0,Don Foster,Very Small Entity,11260.44,2,5630.22
491,1430.0,Virendra Kumar Sharma,Small Medium Entity,101001.2,26,3884.6615384615384
492,1431.0,Conservative/Unionist Members 1922 Committee,Small Entity,103500.0,10,10350.0
493,1432.0,Women2Win,Small Medium Entity,182050.0,16,11378.125
494,1433.0,Celia Barlow,Small Entity,18179.0,6,3029.8333333333335
495,1434.0,James Devine,Very Small Entity,7396.0,2,3698.0
496,1436.0,Martin Linton,Single Donation Entity,1200.0,1,1200.0
497,1437.0,Anne Milton,Very Small Entity,3482.5,3,1160.8333333333333
498,1438.0,Harriett Baldwin,Very Small Entity,13000.0,4,3250.0
499,1439.0,Roberta Blackman-Woods,Very Small Entity,18612.61,4,4653.1525
500,1440.0,David Blunkett,Very Small Entity,9074.0,3,3024.6666666666665
501,1441.0,Angie Bray,Single Donation Entity,2000.0,1,2000.0
502,1442.0,Chris Bryant,Small Entity,12759.0,6,2126.5
503,1443.0,Richard Cook,Single Donation Entity,2000.0,1,2000.0
504,1444.0,Stephen Crabb,Small Entity,20500.0,8,2562.5
505,1445.0,David Davies,Very Small Entity,4199.98,2,2099.99
506,1446.0,Paul Davies,Single Donation Entity,3000.0,1,3000.0
507,1447.0,Parmjit Dhanda,Very Small Entity,13536.0,5,2707.2
508,1448.0,Andrew Gwynne,Small Entity,50019.36,14,3572.8114285714287
509,1449.0,Fabian Hamilton,Very Small Entity,4535.68,2,2267.84
510,1450.0,Mark Harper,Small Entity,22500.0,7,3214.285714285714
511,1451.0,Barbara Keeley,Single Donation Entity,1425.0,1,1425.0
512,1452.0,Simon Kirby,Single Donation Entity,2000.0,1,2000.0
513,1453.0,Ivan Lewis,Small Medium Entity,112463.43,26,4325.516538461538
514,1454.0,Siobhain Mcdonagh,Very Small Entity,9360.0,3,3120.0
515,1455.0,Chris Mole,Single Donation Entity,1425.0,1,1425.0
516,1456.0,Madeleine Moon,Small Entity,17756.260000000002,6,2959.376666666667
517,1457.0,Caroline Nokes,Small Entity,45870.0,10,4587.0
518,1458.0,Linda Riordan,Very Small Entity,11500.0,2,5750.0
519,1459.0,Anne Snelgrove,Single Donation Entity,1425.0,1,1425.0
520,1460.0,Daria Jean Taylor,Very Small Entity,3780.13,2,1890.065
521,1461.0,Iain Wright,Small Entity,19828.64,7,2832.662857142857
522,1462.0,Mark Robert Timothy Garnier,Very Small Entity,10159.49,4,2539.8725
523,1463.0,Sharon Hodgson,Small Entity,35418.93,8,4427.36625
524,1464.0,Sian James,Single Donation Entity,7500.0,1,7500.0
525,1465.0,Tom Levitt,Very Small Entity,8598.0,2,4299.0
526,1466.0,Sarah Mccarthy-Fry,Single Donation Entity,3573.0,1,3573.0
527,1467.0,Shailesh Vara,Very Small Entity,19739.0,5,3947.8
528,1468.0,Robert Buckland,Very Small Entity,10000.0,3,3333.3333333333335
529,1469.0,Andy Burnham,Medium Entity,848976.72,130,6530.590153846154
530,1470.0,Dr Laurence Carmichael,Single Donation Entity,2000.0,1,2000.0
531,1471.0,Neil Carmichael,Single Donation Entity,2000.0,1,2000.0
532,1472.0,Jim Sheridan,Small Entity,40908.29,10,4090.829
533,1473.0,Siôn Simon,Small Medium Entity,62781.82,16,3923.86375
534,1474.0,Nicholas Soames,Small Entity,32790.2,8,4098.775
535,1475.0,Douglas Carswell,Single Donation Entity,2000.0,1,2000.0
536,1476.0,Linda Gilroy,Single Donation Entity,3000.0,1,3000.0
537,1477.0,Jim Knight,Single Donation Entity,1366.0,1,1366.0
538,1478.0,Jason Alexander Mccartney,Single Donation Entity,2000.0,1,2000.0
539,1479.0,Paul Maynard,Small Entity,24534.8,12,2044.5666666666666
540,1480.0,Maggie Throup,Very Small Entity,9232.58,4,2308.145
541,1481.0,Michael Richard Weatherley,Very Small Entity,13537.43,4,3384.3575
542,1482.0,David Gold,Single Donation Entity,2000.0,1,2000.0
543,1483.0,Mark Coote,Single Donation Entity,2000.0,1,2000.0
544,1484.0,Tony Cunningham,Very Small Entity,2949.0,2,1474.5
545,1485.0,Dame Louise Ellman,Small Entity,11992.56,7,1713.222857142857
546,1486.0,Lorraine Fullbrook,Very Small Entity,10629.45,4,2657.3625
547,1487.0,Benjamin Charles Tudor Jeffreys,Single Donation Entity,2000.0,1,2000.0
548,1488.0,Diana Ruth Johnson,Very Small Entity,9650.92,4,2412.73
549,1489.0,Christopher Pincher,Small Entity,35836.0,12,2986.3333333333335
550,1490.0,Eric Joyce,Very Small Entity,14031.970000000001,5,2806.3940000000002
551,1491.0,David Mundell,Small Medium Entity,58502.0,19,3079.0526315789475
552,1492.0,Jo Swinson,Very Small Entity,5743.8,3,1914.6000000000001
553,1493.0,Derek Vaughan,Very Small Entity,3000.0,2,1500.0
554,1495.0,Andrew Griffiths,Very Small Entity,12000.0,2,6000.0
555,1496.0,Penny Mordaunt,Very Small Entity,14600.0,3,4866.666666666667
556,1497.0,Theresa Griffin,Very Small Entity,48909.95,3,16303.316666666666
557,1498.0,Jeremy Browne,Single Donation Entity,2634.0,1,2634.0
558,1499.0,David Heath,Very Small Entity,5353.0,2,2676.5
559,1500.0,Ann Widdecombe,Single Donation Entity,1500.0,1,1500.0
560,1501.0,Nicholas Bourne Am,Single Donation Entity,1563.05,1,1563.05
561,1502.0,Graham Stringer,Very Small Entity,9779.08,4,2444.77
562,1503.0,Ann Winterton,Very Small Entity,4001.0,2,2000.5
563,1504.0,Bill Olner,Very Small Entity,4234.0,2,2117.0
564,1505.0,Claire Curtis-Thomas,Very Small Entity,4037.45,2,2018.725
565,1506.0,Nicholas Winteron,Single Donation Entity,3000.0,1,3000.0
566,1507.0,Susan Kramer,Very Small Entity,5290.09,3,1763.3633333333335
567,1508.0,Graham Allen,Single Donation Entity,2634.0,1,2634.0
568,1509.0,Philip Andrew Davies,Single Donation Entity,2000.0,1,2000.0
569,1510.0,Mike Penning,Small Entity,218535.0,15,14569.0
570,1511.0,Brian Binley,Very Small Entity,7324.92,3,2441.64
571,1512.0,Patricia Hewitt,Very Small Entity,10909.0,3,3636.3333333333335
572,1513.0,Mary Macleod,Small Medium Entity,238123.86,52,4579.304999999999
573,1514.0,Mark Pritchard,Small Medium Entity,84789.0,31,2735.1290322580644
574,1515.0,Robert Smith,Small Entity,32312.77,9,3590.307777777778
575,1516.0,Dr Phyllis Starkey,Single Donation Entity,2000.0,1,2000.0
576,1517.0,Iain Gray,Very Small Entity,3500.0,2,1750.0
577,1518.0,Cathy Jamieson,Very Small Entity,7000.0,3,2333.3333333333335
578,1519.0,Michael Ellis,Small Medium Entity,92143.5,22,4188.340909090909
579,1520.0,Neil Hudson,Very Small Entity,2856.4,2,1428.2
580,1521.0,Andrew Palmer Kerr,Very Small Entity,9880.0,4,2470.0
581,1522.0,Bill Butler,Single Donation Entity,1500.0,1,1500.0
582,1523.0,Lewis Macdonald,Single Donation Entity,2355.13,1,2355.13
583,1524.0,Andrea Leadsom,Small Entity,144600.0,10,14460.0
584,1525.0,Annunziata Rees-Mogg,Single Donation Entity,1800.0,1,1800.0
585,1526.0,Nick Ainger,Single Donation Entity,1300.0,1,1300.0
586,1527.0,Keith Hill,Very Small Entity,2750.0,2,1375.0
587,1528.0,John Battle,Single Donation Entity,1500.0,1,1500.0
588,1529.0,Charlie Elphicke,Small Entity,11400.0,6,1900.0
589,1530.0,Rosalind Scott,Single Donation Entity,5000.0,1,5000.0
590,1531.0,Jonathan Djanogly,Small Entity,247866.36,12,20655.53
591,1532.0,Michael German,Single Donation Entity,3374.15,1,3374.15
592,1533.0,Mark Todd,Single Donation Entity,4119.41,1,4119.41
593,1534.0,Stephen Barclay,Single Donation Entity,1305.0,1,1305.0
594,1535.0,Jennifer Willott,Very Small Entity,6740.0,2,3370.0
595,1536.0,Joan Ryan,Small Entity,58966.6,14,4211.9
596,1537.0,Julie Elliott,Single Donation Entity,1800.0,1,1800.0
597,1538.0,Hilary Armstrong,Single Donation Entity,1543.98,1,1543.98
598,1539.0,Jack Straw,Very Small Entity,28828.600000000002,5,5765.72
599,1540.0,Paul Blomfield,Single Donation Entity,2485.0,1,2485.0
600,1541.0,Liam Byrne,Small Entity,64747.34,15,4316.489333333333
601,1542.0,John Prescott,Small Entity,35524.17,9,3947.1299999999997
602,1543.0,Jenny Randerson Am,Very Small Entity,5000.0,2,2500.0
603,1544.0,Focus On Scotland,Small Medium Entity,649240.0,34,19095.29411764706
604,1545.0,Edward Leigh,Single Donation Entity,2000.0,1,2000.0
605,1546.0,Oliver Letwin,Very Small Entity,7550.0,2,3775.0
606,1548.0,Anthony Wright,Very Small Entity,6167.0,2,3083.5
607,1549.0,Gregory Barker,Very Small Entity,12319.79,5,2463.958
608,1550.0,Dr Vincent Cable,Small Entity,35822.0,6,5970.333333333333
609,1551.0,James Mcgovern,Very Small Entity,6811.0,3,2270.3333333333335
610,1552.0,Edward Timpson,Small Entity,862423.03,15,57494.86866666667
611,1553.0,Margaret Beckett,Single Donation Entity,16000.0,1,16000.0
612,1554.0,Dawn Butler,Very Small Entity,17147.0,3,5715.666666666667
613,1555.0,Wilfred Emmanuel-Jones,Very Small Entity,10000.0,2,5000.0
614,1556.0,Ian Mccartney,Very Small Entity,3543.8,2,1771.9
615,1557.0,Damian Collins,Very Small Entity,13940.0,4,3485.0
616,1558.0,Doug Naysmith,Single Donation Entity,3595.4,1,3595.4
617,1559.0,Isabel Owen,Single Donation Entity,5179.0,1,5179.0
618,1560.0,Lyn Brown,Very Small Entity,5481.0,2,2740.5
619,1561.0,Des Browne,Single Donation Entity,1505.82,1,1505.82
620,1562.0,Meg Munn,Small Entity,19068.0,7,2724.0
621,1563.0,Mark Hunter,Single Donation Entity,1155.0,1,1155.0
622,1565.0,Philip Allott,Single Donation Entity,2000.0,1,2000.0
623,1566.0,Mary Jane Senior,Single Donation Entity,1215.51,1,1215.51
624,1567.0,Philippa Stroud,Small Entity,51500.0,14,3678.5714285714284
625,1568.0,Timothy Kirkhope,Single Donation Entity,3044.98,1,3044.98
626,1569.0,Conor Burns,Small Medium Entity,49469.5,18,2748.3055555555557
627,1570.0,David Gauke,Single Donation Entity,22704.67,1,22704.67
628,1571.0,Greg Hands,Small Medium Entity,92688.53,16,5793.033125
629,1572.0,Mark Hoban,Very Small Entity,26504.67,3,8834.89
630,1573.0,John Reid,Very Small Entity,7500.0,2,3750.0
631,1574.0,Lindsay Roy,Single Donation Entity,1077.0,1,1077.0
632,1575.0,Stephen Hammond,Small Entity,34963.61,7,4994.801428571429
633,1576.0,Nick Griffin,Single Donation Entity,5000.0,1,5000.0
634,1577.0,Jamieson Ronald Reed,Single Donation Entity,1528.0,1,1528.0
635,1578.0,Malcolm Wicks,Very Small Entity,13322.86,4,3330.715
636,1579.0,Karen Lumley,Very Small Entity,6100.0,2,3050.0
637,1580.0,Carwyn Jones Am,Very Small Entity,6367.53,4,1591.8825
638,1581.0,Robert Halfon,Small Medium Entity,179724.96,38,4729.604210526316
639,1582.0,Gordon Henderson,Single Donation Entity,2000.0,1,2000.0
640,1583.0,Emma Reynolds,Small Entity,30796.0,10,3079.6
641,1584.0,Edwina Hart Am,Single Donation Entity,1625.0,1,1625.0
642,1585.0,Jane Kennedy,Single Donation Entity,1528.0,1,1528.0
643,1586.0,Michael Gove,Small Medium Entity,493621.48,52,9492.72076923077
644,1587.0,Damian Green,Single Donation Entity,1563.5,1,1563.5
645,1588.0,Douglas Hogg,Single Donation Entity,1700.0,1,1700.0
646,1589.0,Anne Mcguire,Very Small Entity,3114.56,2,1557.28
647,1590.0,David Miliband,Medium Entity,1367954.54,122,11212.742131147541
648,1591.0,Robert Neill,Very Small Entity,20547.68,5,4109.536
649,1592.0,Christine Russell,Very Small Entity,8000.0,2,4000.0
650,1593.0,Grant Shapps,Very Small Entity,6938.0,3,2312.6666666666665
651,1594.0,William Cash,Single Donation Entity,1199.69,1,1199.69
652,1595.0,Ian Liddell-Grainger,Very Small Entity,8634.41,2,4317.205
653,1596.0,Patrick Mcloughlin,Very Small Entity,3700.0,2,1850.0
654,1597.0,Alun Michael,Very Small Entity,15103.0,5,3020.6
655,1598.0,John Pugh,Single Donation Entity,3000.0,1,3000.0
656,1599.0,Chloe Smith,Small Entity,39156.62,6,6526.1033333333335
657,1600.0,Jeremy Corbyn,Small Medium Entity,336415.63,30,11213.854333333333
658,1601.0,Gillian Merron,Single Donation Entity,1221.13,1,1221.13
659,1603.0,Margot James,Small Entity,23053.28,8,2881.66
660,1604.0,Huw Lewis Am,Single Donation Entity,10000.0,1,10000.0
661,1605.0,David Heathcoat-Amory,Small Entity,24850.0,9,2761.1111111111113
662,1606.0,Dr Andrew Murrison,Small Entity,24850.0,9,2761.1111111111113
663,1607.0,William Hague,Small Medium Entity,194875.24,40,4871.880999999999
664,1608.0,Dr Alasdair Mcdonnell,Single Donation Entity,3500.0,1,3500.0
665,1609.0,David Borrow,Single Donation Entity,1199.69,1,1199.69
666,1610.0,Roger Gale,Very Small Entity,2569.86,2,1284.93
667,1611.0,Michael Jack,Single Donation Entity,2150.0,1,2150.0
668,1612.0,Andrew Love,Very Small Entity,10733.0,4,2683.25
669,1613.0,Miss Christine Mccafferty,Single Donation Entity,4811.98,1,4811.98
670,1614.0,Dr Desmond Turner,Single Donation Entity,2342.39,1,2342.39
671,1615.0,Conservative Friends Of Poland,Single Donation Entity,10000.0,1,10000.0
672,1616.0,Douglas Alexander,Small Entity,26723.59,7,3817.655714285714
673,1617.0,Gerald Howarth,Small Entity,23996.0,7,3428.0
674,1618.0,Islington Labour Group,Very Small Entity,24000.0,2,12000.0
675,1619.0,United & Cecil Club,Small Entity,124181.78,13,9552.444615384615
676,1620.0,Bernard Jenkin,Very Small Entity,49185.94,3,16395.313333333335
677,1621.0,Spring Lunch,Small Medium Entity,182976.0,16,11436.0
678,1622.0,Edward Miliband,Small Medium Entity,391663.08,59,6638.357288135593
679,1623.0,Edward Balls,Small Medium Entity,182634.14,18,10146.341111111113
680,1625.0,Nigel Adams,Small Medium Entity,534614.28,88,6075.162272727273
681,1626.0,Tom Blenkinsop,Very Small Entity,12000.0,2,6000.0
682,1628.0,Jason Mccartney,Very Small Entity,14665.0,5,2933.0
683,1629.0,Grahame Morris,Very Small Entity,7200.110000000001,3,2400.036666666667
684,1630.0,Andrew Perry,Single Donation Entity,4000.0,1,4000.0
685,1631.0,Julian Sturdy,Single Donation Entity,4000.0,1,4000.0
686,1632.0,John Hayes,Single Donation Entity,1909.64,1,1909.64
687,1633.0,Kenneth Livingstone,Small Medium Entity,97000.0,22,4409.090909090909
688,1634.0,Oona King,Small Entity,56500.0,13,4346.153846153846
689,1636.0,Alex Cunningham,Single Donation Entity,5000.0,1,5000.0
690,1638.0,Dr Matthew Offord,Small Entity,24749.7,10,2474.9700000000003
691,1639.0,Rory Stewart,Small Medium Entity,184101.7,34,5414.755882352942
692,1640.0,Andrew Bridgen,Very Small Entity,7500.0,3,2500.0
693,1642.0,Chris Kelly,Small Entity,16586.66,6,2764.443333333333
694,1643.0,Ian Lucas,Small Entity,32231.97,10,3223.197
695,1644.0,Dominic Raab,Small Medium Entity,254478.37,30,8482.612333333333
696,1645.0,Nick Boles,Small Entity,18089.16,6,3014.86
697,1646.0,Lgbtory,Single Donation Entity,10000.0,1,10000.0
698,1647.0,Liberal Democrat Friends Of Israel,Very Small Entity,43000.0,5,8600.0
699,1648.0,Diane Abbott,Small Entity,45979.65,11,4179.968181818182
700,1649.0,Heidi Alexander,Very Small Entity,11690.02,2,5845.01
701,1652.0,Tristram Hunt,Small Entity,129893.17,15,8659.544666666667
702,1653.0,Dr Julian Huppert,Very Small Entity,43034.0,3,14344.666666666666
703,1654.0,John Leech,Very Small Entity,9270.0,3,3090.0
704,1655.0,Mark Menzies,Small Medium Entity,89791.21,23,3903.9656521739134
705,1657.0,Ian Swales,Single Donation Entity,4300.0,1,4300.0
706,1658.0,James Wharton,Small Medium Entity,202645.9,38,5332.786842105263
707,1659.0,Chris White,Single Donation Entity,2200.0,1,2200.0
708,1660.0,Craig Whittaker,Small Entity,22240.73,7,3177.247142857143
709,1662.0,Gordon Birtwistle,Very Small Entity,13471.59,3,4490.53
710,1664.0,Lorely Burt,Single Donation Entity,3430.0,1,3430.0
711,1665.0,Daniel Byles,Very Small Entity,5921.469999999999,2,2960.7349999999997
712,1666.0,Kris Hopkins,Single Donation Entity,4000.0,1,4000.0
713,1667.0,Huw Irranca-Davies,Single Donation Entity,2421.47,1,2421.47
714,1668.0,Tessa Jowell,Small Medium Entity,189355.53,22,8607.069545454546
715,1670.0,Priti Patel,Small Entity,20779.0,6,3463.1666666666665
716,1671.0,Yasmin Qureshi,Small Entity,24054.69,8,3006.83625
717,1672.0,Heather Wheeler,Small Entity,36802.71,12,3066.8925
718,1673.0,Rushanara Ali,Small Entity,53529.380000000005,13,4117.6446153846155
719,1674.0,Peter Bone,Very Small Entity,5800.0,2,2900.0
720,1675.0,Thomas Docherty,Single Donation Entity,3279.0,1,3279.0
721,1676.0,Jonathan Edwards,Single Donation Entity,4680.0,1,4680.0
722,1677.0,Matthew Hancock,Small Medium Entity,288990.0,43,6720.697674418605
723,1678.0,Kate Hoey,Very Small Entity,43421.0,5,8684.2
724,1681.0,Chris Heaton-Harris,Very Small Entity,13697.55,4,3424.3875
725,1682.0,Dr Phillip Lee,Small Entity,50853.479999999996,11,4623.043636363636
726,1683.0,Charlotte Leslie,Small Entity,48681.43,14,3477.245
727,1684.0,Pamela Nash,Very Small Entity,10226.94,3,3408.98
728,1687.0,Catherine Mckinnell,Very Small Entity,5500.0,2,2750.0
729,1688.0,Nadhim Zahawi,Small Entity,31789.97,7,4541.424285714286
730,1696.0,Austin Mitchell,Single Donation Entity,4000.0,1,4000.0
731,1707.0,Lisa Nandy,Very Small Entity,13075.0,4,3268.75
732,1710.0,No To Av Yes To Pr,Single Donation Entity,21149.67,1,21149.67
733,1728.0,Pauline Latham,Small Entity,109077.68,9,12119.742222222221
734,1729.0,Stephen Mcpartland,Very Small Entity,10123.1,4,2530.775
735,1730.0,Labour Women'S Network,Small Entity,51090.0,7,7298.571428571428
736,1731.0,Movement For Change,Small Medium Entity,1503953.6,44,34180.76363636364
737,1762.0,Liverpool Labour Group,Very Small Entity,30000.0,2,15000.0
738,1763.0,Julian Smith,Very Small Entity,5821.75,2,2910.875
739,1771.0,David Campbell Bannerman,Single Donation Entity,1501.0,1,1501.0
740,1772.0,Project Umubano,Single Donation Entity,50000.0,1,50000.0
741,1773.0,Bob Ainsworth,Single Donation Entity,4500.0,1,4500.0
742,1774.0,Bill Esterson,Small Entity,38900.0,7,5557.142857142857
743,1775.0,Mike Freer,Very Small Entity,12664.34,5,2532.868
744,1776.0,Duncan Hames,Small Entity,22006.0,6,3667.6666666666665
745,1777.0,Sheryll Murray,Small Entity,28674.0,10,2867.4
746,1778.0,Andrew Percy,Small Entity,29239.0,11,2658.090909090909
747,1779.0,Simon Reevell,Single Donation Entity,2000.0,1,2000.0
748,1780.0,Henry Smith,Small Entity,37084.8,9,4120.533333333334
749,1781.0,Gerry Sutcliffe,Single Donation Entity,3500.0,1,3500.0
750,1782.0,Justin Tomlinson,Single Donation Entity,3600.0,1,3600.0
751,1792.0,Bob Blackman,Small Medium Entity,88130.83,24,3672.1179166666666
752,1793.0,Simon Danczuk,Very Small Entity,14673.0,3,4891.0
753,1794.0,Philip Davies,Very Small Entity,14472.0,4,3618.0
754,1795.0,Michael Dugher,Small Medium Entity,45360.92,16,2835.0575
755,1796.0,John Healey,Small Entity,84019.56,7,12002.794285714286
756,1797.0,Sajid Javid,Small Medium Entity,303669.63,24,12652.90125
757,1798.0,Angus Macneil,Very Small Entity,21796.48,5,4359.296
758,1799.0,Ed Miliband,Very Small Entity,52835.8,4,13208.95
759,1800.0,Stephen Mosley,Very Small Entity,10679.45,5,2135.8900000000003
760,1801.0,Bridget Phillipson,Single Donation Entity,2123.4,1,2123.4
761,1802.0,Jim Murphy,Small Entity,82770.99,11,7524.635454545455
762,1806.0,Luciana Berger,Small Entity,62929.18,11,5720.834545454545
763,1808.0,Stephen Twigg,Very Small Entity,15846.42,5,3169.284
764,1814.0,Steve Baker,Very Small Entity,21390.0,2,10695.0
765,1815.0,Nadine Dorries,Single Donation Entity,8130.0,1,8130.0
766,1816.0,Kwasi Kwarteng,Small Medium Entity,47253.74,16,2953.35875
767,1817.0,Greg Mulholland,Very Small Entity,4043.59,2,2021.795
768,1819.0,Gareth R Thomas,Very Small Entity,15301.0,3,5100.333333333333
769,1820.0,Murdo Fraser,Very Small Entity,14700.0,4,3675.0
770,1823.0,Iain Duncan Smith,Very Small Entity,10667.279999999999,2,5333.639999999999
771,1824.0,Tim Farron,Small Medium Entity,155077.0,17,9122.176470588236
772,1825.0,Stephen Hepburn,Small Entity,17140.3,7,2448.6142857142854
773,1826.0,Greg Knight,Single Donation Entity,3000.0,1,3000.0
774,1835.0,Ruth Davidson,Very Small Entity,29500.0,4,7375.0
775,1836.0,John Denham,Very Small Entity,9355.66,2,4677.83
776,1837.0,Caroline Dinenage,Single Donation Entity,8000.0,1,8000.0
777,1838.0,Helen Grant,Very Small Entity,19532.13,5,3906.4260000000004
778,1840.0,Nicky Morgan,Single Donation Entity,6000.0,1,6000.0
779,1841.0,Anne Marie Morris,Small Medium Entity,47275.72,18,2626.428888888889
780,1842.0,Jesse Norman,Very Small Entity,8196.0,2,4098.0
781,1843.0,Alok Sharma,Very Small Entity,17827.57,5,3565.514
782,1844.0,Chuka Umunna,Small Medium Entity,286778.16,33,8690.247272727273
783,1845.0,Paul Uppal,Very Small Entity,9925.0,2,4962.5
784,1846.0,Tom Watson,Small Medium Entity,529333.63,58,9126.441896551723
785,1850.0,Johann Lamont,Single Donation Entity,5000.0,1,5000.0
786,1851.0,Stuart Andrew,Very Small Entity,14715.0,5,2943.0
787,1852.0,Jim Dobbin,Very Small Entity,4265.0,2,2132.5
788,1853.0,Dr Gregg Mcclymont,Single Donation Entity,2025.0,1,2025.0
789,1854.0,Ian Murray,Very Small Entity,6310.1,2,3155.05
790,1862.0,Rehman Chishti,Small Entity,19368.91,6,3228.1516666666666
791,1863.0,Gemma Doyle,Very Small Entity,10360.11,4,2590.0275
792,1864.0,Dr Caroline Lucas,Small Medium Entity,200740.0,21,9559.047619047618
793,1865.0,Richard Ottaway,Very Small Entity,3212.0,2,1606.0
794,1866.0,David Rutley,Single Donation Entity,2490.0,1,2490.0
795,1867.0,Anas Sarwar,Small Entity,171191.43,11,15562.857272727271
796,1868.0,Ken Macintosh,Very Small Entity,13025.0,5,2605.0
797,1869.0,Conservative Friends Of International Development,Single Donation Entity,10000.0,1,10000.0
798,1877.0,Chris Skidmore,Single Donation Entity,3600.0,1,3600.0
799,1878.0,Nick Smith,Single Donation Entity,2654.48,1,2654.48
800,1879.0,David Tredinnick,Single Donation Entity,3025.0,1,3025.0
801,1880.0,Richard Graham,Small Entity,39374.5,11,3579.5
802,1883.0,Patrick Harvie,Single Donation Entity,5316.0,1,5316.0
803,1893.0,Stephen Metcalfe,Very Small Entity,25302.0,5,5060.4
804,1894.0,George Hollingbery,Single Donation Entity,3000.0,1,3000.0
805,1895.0,Fabian Society,Small Entity,86753.0,9,9639.222222222223
806,1896.0,Rhoda Grant,Single Donation Entity,1763.26,1,1763.26
807,1898.0,Ben Bradshaw,Small Entity,19929.47,7,2847.067142857143
808,1899.0,The Rt Hon Jeffrey Donaldson Mp,Single Donation Entity,2700.0,1,2700.0
809,1900.0,Robert Flello,Small Entity,39675.0,8,4959.375
810,1901.0,Philip Hollobone,Small Entity,32960.74,9,3662.304444444444
811,1902.0,Hanzala Malik,Single Donation Entity,6500.0,1,6500.0
812,1909.0,Nick De Bois,Very Small Entity,7200.0,2,3600.0
813,1914.0,Conservative Friends Of India,Small Entity,62301.0,8,7787.625
814,1916.0,Richard Baker,Very Small Entity,14900.0,2,7450.0
815,1920.0,Fulham Group,Single Donation Entity,25000.0,1,25000.0
816,1921.0,Nicola Blackwood,Very Small Entity,6851.09,2,3425.545
817,1922.0,Richard Harrington,Small Entity,52696.0,6,8782.666666666666
818,1923.0,Meg Hillier,Very Small Entity,11116.25,3,3705.4166666666665
819,1924.0,Chinyelu Onwurah,Very Small Entity,9909.19,4,2477.2975
820,1925.0,Yvette Cooper,Small Medium Entity,545172.3099999999,49,11125.96551020408
821,1926.0,Caroline Flint,Small Medium Entity,76843.58,20,3842.179
822,1927.0,Rebecca Harris,Very Small Entity,6537.0,2,3268.5
823,1928.0,Amber Rudd,Very Small Entity,3381.91,2,1690.955
824,1929.0,Andrew Stephenson,Small Entity,34307.21,8,4288.40125
825,1930.0,Clive Grunshaw,Very Small Entity,5000.0,2,2500.0
826,1935.0,Dan Jarvis,Small Medium Entity,245617.19,24,10234.049583333333
827,1936.0,George Mudie,Single Donation Entity,4500.0,1,4500.0
828,1937.0,Claire Perry,Single Donation Entity,9939.39,1,9939.39
829,1938.0,Bob Russell,Single Donation Entity,5222.0,1,5222.0
830,1939.0,Shaun Woodward,Very Small Entity,18550.0,3,6183.333333333333
831,1941.0,Aidan Burley,Very Small Entity,11400.0,3,3800.0
832,1942.0,Nigel Mills,Single Donation Entity,1558.0,1,1558.0
833,1943.0,Laura Sandys,Single Donation Entity,3691.93,1,3691.93
834,1944.0,David Morris,Small Medium Entity,84893.67,24,3537.23625
835,1959.0,Gareth Johnson,Very Small Entity,3920.0,2,1960.0
836,1962.0,Democracy 2015,Very Small Entity,19114.739999999998,4,4778.6849999999995
837,1972.0,Don'T Cook Party,Very Small Entity,75000.0,2,37500.0
838,1985.0,David Burrowes,Single Donation Entity,2276.0,1,2276.0
839,1986.0,Life,Very Small Entity,12569.02,3,4189.673333333333
840,1996.0,Jessica Lee,Single Donation Entity,1511.0,1,1511.0
841,1997.0,Alun Cairns,Small Entity,35420.95,8,4427.61875
842,1998.0,Gloria De Piero,Very Small Entity,6000.0,3,2000.0
843,1999.0,Helen Goodman,Very Small Entity,40590.23,5,8118.046
844,2000.0,George Galloway,Very Small Entity,4782.35,2,2391.175
845,2001.0,John Howell,Very Small Entity,15660.46,5,3132.0919999999996
846,2002.0,Adrian Bailey,Single Donation Entity,4973.39,1,4973.39
847,2003.0,Lucy Powell,Very Small Entity,13004.0,2,6502.0
848,2004.0,Jonathan Reynolds,Small Entity,25402.920000000002,6,4233.820000000001
849,2005.0,Stephen Timms,Small Entity,28509.0,9,3167.6666666666665
850,2018.0,Oliver Colvile,Very Small Entity,13074.0,4,3268.5
851,2021.0,Dr Stella Creasy,Very Small Entity,14832.0,4,3708.0
852,2022.0,Jack Lopresti,Small Entity,41933.26,11,3812.114545454546
853,2023.0,Andy Mcdonald,Small Entity,106485.5,8,13310.6875
854,2039.0,Richard Bacon,Very Small Entity,15891.19,5,3178.2380000000003
855,2041.0,Jeremy Lefroy,Small Entity,22189.85,11,2017.2590909090907
856,2055.0,Yorkshire Party,Single Donation Entity,1000.0,1,1000.0
857,2059.0,Graham Jones,Very Small Entity,16125.0,5,3225.0
858,2060.0,Guy Opperman,Small Entity,28184.239999999998,9,3131.582222222222
859,2061.0,John Lamont,Very Small Entity,14858.0,4,3714.5
860,2070.0,Graham Evans,Very Small Entity,16319.92,3,5439.973333333333
861,2072.0,Martin Vickers,Small Entity,24791.12,7,3541.5885714285714
862,2073.0,Nic Dakin,Single Donation Entity,2390.0,1,2390.0
863,2074.0,Conservative Councillors' Association,Small Entity,53150.0,7,7592.857142857143
864,2080.0,Tom Greatrex,Very Small Entity,9859.439999999999,3,3286.4799999999996
865,2081.0,Norman Lamb,Small Medium Entity,76750.5,23,3336.978260869565
866,2082.0,John Biggs,Very Small Entity,6000.0,2,3000.0
867,2093.0,Margaret Hodge,Very Small Entity,17173.17,3,5724.389999999999
868,2094.0,Brandon Lewis,Small Medium Entity,268390.38,46,5834.57347826087
869,2096.0,Ben Wallace,Single Donation Entity,3500.0,1,3500.0
870,2097.0,Alexandra Mayer,Single Donation Entity,11692.0,1,11692.0
871,2098.0,Lucy Anderson,Very Small Entity,19710.0,4,4927.5
872,2099.0,Vicky Foxcroft,Very Small Entity,8349.44,2,4174.72
873,2102.0,Frank Field,Small Entity,66909.7,6,11151.616666666667
874,2103.0,Ben Gummer,Very Small Entity,7289.19,2,3644.595
875,2104.0,Sadiq Khan,Small Medium Entity,363956.0,41,8876.975609756097
876,2105.0,Emma Lewell-Buck,Very Small Entity,3154.78,2,1577.39
877,2106.0,Gavin Shuker,Single Donation Entity,2950.0,1,2950.0
878,2109.0,Sanchia Alasia,Very Small Entity,3520.0,2,1760.0
879,2110.0,Sebastian Dance,Single Donation Entity,2500.0,1,2500.0
880,2111.0,Judith Kirton-Darling,Very Small Entity,16275.54,2,8137.77
881,2112.0,Jayne Shotton,Single Donation Entity,8728.87,1,8728.87
882,2114.0,Catherine West,Very Small Entity,13737.17,5,2747.434
883,2128.0,Mick Antoniw,Very Small Entity,23000.0,3,7666.666666666667
884,2129.0,Ivana Bartoletti,Single Donation Entity,4125.0,1,4125.0
885,2130.0,Conservative Friends Of Pakistan,Very Small Entity,18900.0,3,6300.0
886,2131.0,Margaret Hughes,Very Small Entity,17817.82,2,8908.91
887,2132.0,Kamaljeet Jandu,Single Donation Entity,17357.0,1,17357.0
888,2133.0,Nancy Platts,Very Small Entity,2737.37,2,1368.685
889,2134.0,Angela Rayner,Small Entity,39937.0,8,4992.125
890,2135.0,Stevenage First,Single Donation Entity,8000.0,1,8000.0
891,2136.0,Independent Labour Group,Single Donation Entity,8000.0,1,8000.0
892,2137.0,All People'S Party,Small Medium Entity,116899.47,16,7306.216875
893,2145.0,Dr Thérèse Coffey,Very Small Entity,33574.09,4,8393.5225
894,2146.0,Paul Brannen,Single Donation Entity,2000.0,1,2000.0
895,2147.0,Lutfur Rahman,Very Small Entity,6000.0,2,3000.0
896,2149.0,Policy Network And Communications Ltd,Very Small Entity,291349.5,4,72837.375
897,2150.0,James Watkins,Single Donation Entity,12993.8,1,12993.8
898,2151.0,Clare Moody,Single Donation Entity,12455.87,1,12455.87
899,2155.0,Tower Hamlets First,Single Donation Entity,36975.39,1,36975.39
900,2157.0,Michelle Donelan,Small Medium Entity,125383.14,23,5451.440869565217
901,2158.0,Linda Woodings,Single Donation Entity,6704.0,1,6704.0
902,2173.0,Jake Berry,Very Small Entity,7500.0,2,3750.0
903,2174.0,Ronnie Campbell,Single Donation Entity,3810.0,1,3810.0
904,2175.0,Mike Crockart,Single Donation Entity,3810.0,1,3810.0
905,2188.0,Jim Eadie,Single Donation Entity,3108.0,1,3108.0
906,2189.0,Margaret Mitchell,Single Donation Entity,3108.0,1,3108.0
907,2190.0,Society Of Conservative Lawyers,Small Entity,439454.71,6,73242.45166666668
908,2192.0,Anne-Marie Trevelyan,Small Medium Entity,47805.82,22,2172.991818181818
909,2209.0,Yes Scotland Limited,Small Medium Entity,2431000.0,25,97240.0
910,2217.0,Ian Austin,Small Entity,63783.0,13,4906.384615384615
911,2218.0,Jackie Doyle-Price,Single Donation Entity,3500.0,1,3500.0
912,2220.0,Lucy Allan,Single Donation Entity,2000.0,1,2000.0
913,2221.0,Mohammad Asghar,Very Small Entity,4000.0,2,2000.0
914,2222.0,Steve Bell,Single Donation Entity,2000.0,1,2000.0
915,2223.0,James Heappy,Very Small Entity,9802.0,2,4901.0
916,2224.0,Royston Smith,Small Entity,16972.0,6,2828.6666666666665
917,2225.0,David Warburton,Small Medium Entity,144516.0,19,7606.105263157895
918,2249.0,Vernon Coaker,Very Small Entity,4663.42,2,2331.71
919,2250.0,Stephen Dorrell,Single Donation Entity,5000.0,1,5000.0
920,2251.0,Michael Mccann,Single Donation Entity,3000.0,1,3000.0
921,2252.0,Adrian Sanders,Very Small Entity,5500.0,2,2750.0
922,2254.0,Mike Weatherley,Very Small Entity,18674.0,4,4668.5
923,2256.0,Matthew Pennycook,Single Donation Entity,2885.35,1,2885.35
924,2257.0,Anthony Cox,Very Small Entity,12500.0,2,6250.0
925,2258.0,Christopher Green,Very Small Entity,34216.82,4,8554.205
926,2259.0,Rowenna Davis,Very Small Entity,21500.0,5,4300.0
927,2296.0,Helen Hayes,Single Donation Entity,2000.0,1,2000.0
928,2298.0,George Ferguson,Very Small Entity,4589.0,2,2294.5
929,2304.0,No Borders Campaign,Very Small Entity,125000.0,5,25000.0
930,2307.0,Campaign For British Influence In Europe Limited,Small Entity,563000.0,15,37533.333333333336
931,2321.0,Kevin Barron,Very Small Entity,6470.0,2,3235.0
932,2322.0,Alistair Burt,Small Entity,58650.0,12,4887.5
933,2323.0,James Clappison,Single Donation Entity,2000.0,1,2000.0
934,2326.0,Rebecca Pow,Small Entity,50454.74,12,4204.5616666666665
935,2329.0,Better Together 2012 Ltd,Small Medium Entity,2477746.0,47,52718.0
936,2354.0,Business For Scotland Ltd,Small Entity,209120.0,8,26140.0
937,2360.0,John Woodcock,Small Entity,28296.67,7,4042.3814285714284
938,2361.0,Guto Bebb,Small Entity,30984.66,8,3873.0825
939,2362.0,Alistair Darling,Single Donation Entity,7312.42,1,7312.42
940,2363.0,Sarah Newtonn,Very Small Entity,9699.22,3,3233.0733333333333
941,2364.0,Anna Soubry,Single Donation Entity,5000.0,1,5000.0
942,2365.0,William Goodhand,Small Entity,29500.0,7,4214.285714285715
943,2383.0,Christians For Independence,Single Donation Entity,100000.0,1,100000.0
944,2392.0,Angus Macdonald,Very Small Entity,57560.0,4,14390.0
945,2402.0,Neil Parish,Very Small Entity,4675.0,2,2337.5
946,2403.0,Redbridge Labour Group,Small Entity,19850.0,7,2835.714285714286
947,2416.0,Wfs2014 Ltd,Very Small Entity,30000.0,3,10000.0
948,2420.0,Scottish Research Society,Single Donation Entity,74747.47,1,74747.47
949,2423.0,Stephen Mccabe,Very Small Entity,8513.17,4,2128.2925
950,2427.0,Cumbria Broadband Rural And Community Projects Limited,Very Small Entity,20145.0,3,6715.0
951,2429.0,Let'S Stay Together,Small Entity,111501.0,8,13937.625
952,2431.0,Better With Scotland,Single Donation Entity,20723.5,1,20723.5
953,2435.0,Political Animal Lobby Ltd,Very Small Entity,17636.21,2,8818.105
954,2450.0,James Heappey,Small Medium Entity,113407.41,17,6671.024117647059
955,2451.0,Rhun Ap Iorwerth,Very Small Entity,5221.32,2,2610.66
956,2452.0,Alun Craig Williams,Single Donation Entity,1600.0,1,1600.0
957,2453.0,Afzal Amin,Single Donation Entity,1600.0,1,1600.0
958,2455.0,Tracey Crouch,Very Small Entity,5800.0,2,2900.0
959,2456.0,John Glen,Very Small Entity,14581.27,3,4860.423333333333
960,2459.0,Tessa Munt,Single Donation Entity,3000.0,1,3000.0
961,2460.0,Albert Owen,Single Donation Entity,2453.15,1,2453.15
962,2471.0,Martin Horwood,Single Donation Entity,2400.0,1,2400.0
963,2489.0,Campaign For Nuclear Disarmament,Very Small Entity,40368.0,4,10092.0
964,2521.0,Seema Louise Ghiassi Kennedy,Small Entity,34250.0,6,5708.333333333333
965,2522.0,Ian Lavery,Very Small Entity,10604.14,3,3534.713333333333
966,2523.0,Deep Blue,Single Donation Entity,2500.0,1,2500.0
967,2552.0,Cannabis Is Safer Than Alcohol,Small Medium Entity,216115.54,69,3132.109275362319
968,2555.0,Sarah Champion,Very Small Entity,15930.52,4,3982.63
969,2559.0,Kezia Dugdale,Small Entity,31579.260000000002,7,4511.322857142857
970,2570.0,Centre For Labour & Social Studies (Class),Very Small Entity,93240.0,4,23310.0
971,2578.0,Fabian Society,Small Entity,14300.0,2,7150.0
972,2585.0,Angela Eagle,Small Entity,194891.42,14,13920.815714285714
973,2586.0,Daniel Poulter,Single Donation Entity,12500.0,1,12500.0
974,2587.0,Tom Brake,Small Entity,49701.0,11,4518.272727272727
975,2588.0,George Eustice,Single Donation Entity,2000.0,1,2000.0
976,2590.0,Shabana Mahmood,Very Small Entity,4685.9400000000005,2,2342.9700000000003
977,2591.0,Mark Reckless,Single Donation Entity,13000.0,1,13000.0
978,2592.0,Carlton Club,Small Entity,38550.0,9,4283.333333333333
979,2593.0,Raymond Finch,Single Donation Entity,7500.0,1,7500.0
980,2594.0,Neil Findlay,Small Entity,38919.16,13,2993.7815384615387
981,2598.0,Johnny Mercer,Small Entity,35062.8,13,2697.138461538462
982,2599.0,Britain Yearly Meeting Of Religious Society Of Friends (Quakers),Small Entity,57000.0,8,7125.0
983,2623.0,Cruelty Free International,Single Donation Entity,600.0,1,600.0
984,2652.0,Radical Party,Small Entity,36852.0,13,2834.769230769231
985,2679.0,Simon Marcus,Single Donation Entity,2000.0,1,2000.0
986,2736.0,British Institute Of Human Rights,Single Donation Entity,5573.0,1,5573.0
987,2739.0,Karen Bradley,Single Donation Entity,5000.0,1,5000.0
988,2740.0,John Stevenson,Small Entity,44750.0,8,5593.75
989,2745.0,Network For Animals Ltd,Very Small Entity,36271.8,3,12090.6
990,2747.0,Mark Bradshaw,Single Donation Entity,5000.0,1,5000.0
991,2755.0,Women'S Equality Party,Small Medium Entity,1155408.46,51,22655.067843137254
992,2786.0,Labour People Ltd,Small Entity,70000.0,7,10000.0
993,2797.0,Stephen Greenhalgh,Very Small Entity,17276.0,5,3455.2
994,2799.0,No Balls Ball,Very Small Entity,25450.0,2,12725.0
995,2809.0,David Stewart,Single Donation Entity,1620.0,1,1620.0
996,2810.0,Nusrat Ghani,Small Entity,32589.0,6,5431.5
997,2814.0,Melanie Onn,Very Small Entity,16300.0,2,8150.0
998,2815.0,David Mackintosh,Very Small Entity,8037.0,3,2679.0
999,2816.0,Tulip Siddiq,Single Donation Entity,10000.0,1,10000.0
1000,2817.0,Derek Thomas,Very Small Entity,17821.0,2,8910.5
1001,2818.0,Tom Tugendhat,Small Entity,115870.0,10,11587.0
1002,2819.0,Craig Williams,Very Small Entity,7852.0599999999995,3,2617.353333333333
1003,2821.0,Dr Tania Mathias,Very Small Entity,19500.0,4,4875.0
1004,2828.0,Gordon Matheson,Very Small Entity,26045.89,3,8681.963333333333
1005,2829.0,Liz Kendall,Small Medium Entity,174075.0,27,6447.222222222223
1006,2831.0,Kevin Foster,Very Small Entity,14080.39,3,4693.463333333333
1007,2839.0,Justine Greening,Single Donation Entity,3354.83,1,3354.83
1008,2842.0,Clive Lewis,Small Medium Entity,121033.0,17,7119.588235294118
1009,2843.0,Holly Lynch,Very Small Entity,7921.0,4,1980.25
1010,2844.0,Eric Pickles,Very Small Entity,15800.0,4,3950.0
1011,2845.0,Mary Robinson,Very Small Entity,23494.14,5,4698.8279999999995
1012,2846.0,Alex Rowley,Very Small Entity,7000.0,2,3500.0
1013,2855.0,Gareth Thomas,Very Small Entity,8500.0,3,2833.3333333333335
1014,2856.0,Paul Scully,Small Entity,25576.07,8,3197.00875
1015,2857.0,Will Quince,Small Entity,36449.59,15,2429.9726666666666
1016,2858.0,Kate Osamor,Very Small Entity,12200.33,4,3050.0825
1017,2859.0,Alan Mak,Small Entity,27693.61,9,3077.067777777778
1018,2860.0,Andrea Jenkyns,Small Entity,66307.86,13,5100.6046153846155
1019,2861.0,Suella Fernandes,Very Small Entity,17400.0,5,3480.0
1020,2862.0,Byron Davies,Very Small Entity,11946.0,2,5973.0
1021,2863.0,James Cleverly,Small Entity,31969.35,8,3996.16875
1022,2864.0,Dr Lisa Cameron,Small Entity,25181.78,7,3597.3971428571426
1023,2865.0,Hannah Bardell,Very Small Entity,7437.09,2,3718.545
1024,2866.0,Caroline Ansell,Very Small Entity,59176.45,5,11835.289999999999
1025,2867.0,Tasmina Ahmed-Sheikh,Very Small Entity,10377.09,3,3459.03
1026,2868.0,John Bell,Single Donation Entity,1600.0,1,1600.0
1027,2869.0,Zac Goldsmith,Single Donation Entity,50000.0,1,50000.0
1028,2885.0,Robert Jenrick,Very Small Entity,14998.65,3,4999.55
1029,2887.0,Anne Main,Very Small Entity,4260.0,2,2130.0
1030,2889.0,Mark Pawsey,Very Small Entity,9444.07,3,3148.023333333333
1031,2890.0,Tom Pursglove,Very Small Entity,3424.0,2,1712.0
1032,2891.0,Jamie Reed,Very Small Entity,4539.5,2,2269.75
1033,2892.0,Daniel Zeichner,Single Donation Entity,2998.65,1,2998.65
1034,3902.0,Ashfield Independents,Very Small Entity,8400.0,2,4200.0
1035,3908.0,Helen Whately,Very Small Entity,9954.0,3,3318.0
1036,3909.0,Natalie Mcgarry,Single Donation Entity,1977.11,1,1977.11
1037,3910.0,Alison Mcgovern,Small Entity,15677.09,8,1959.63625
1038,3911.0,Mark Garnier,Very Small Entity,22267.09,5,4453.418
1039,3912.0,Labour Together,Small Entity,206000.0,8,25750.0
1040,3930.0,Gary Godden,Single Donation Entity,5211.72,1,5211.72
1041,3931.0,Peter Kyle,Small Entity,76803.8,11,6982.163636363636
1042,3932.0,Jo Stevens,Single Donation Entity,3800.0,1,3800.0
1043,3933.0,Karl Turner,Very Small Entity,9846.0,4,2461.5
1044,3942.0,In Campaign Ltd,Medium Large Entity,24228109.1,206,117612.18009708739
1045,3945.0,Vote Leave Limited,Medium Large Entity,19671643.0,251,78373.0796812749
1046,3950.0,Conservatives In Ltd,Small Medium Entity,1798815.76,75,23984.210133333334
1047,3953.0,Grassroots Out Ltd,Small Medium Entity,2611474.76,18,145081.9311111111
1048,3963.0,Mhairi Black,Single Donation Entity,2851.0,1,2851.0
1049,3964.0,Jess Phillips,Very Small Entity,46656.75,5,9331.35
1050,3965.0,Conservative Friends Of Chinese,Single Donation Entity,11250.0,1,11250.0
1051,3966.0,Mark Macmillan,Single Donation Entity,2000.0,1,2000.0
1052,3974.0,Leave.Eu Group Ltd,Very Small Entity,6400599.0,3,2133533.0
1053,3979.0,Global Britain Limited,Very Small Entity,470520.89,3,156840.29666666666
1054,3989.0,Wagtv Limited,Small Entity,290000.0,10,29000.0
1055,3999.0,Another Europe Is Possible,Very Small Entity,15320.0,2,7660.0
1056,4001.0,Go Movement Ltd,Very Small Entity,45025.92,5,9005.184
1057,4010.0,Northumberland Dining Club,Small Entity,79477.86,10,7947.786
1058,4011.0,James Morris,Small Entity,67200.0,6,11200.0
1059,4012.0,Bob Stewart,Very Small Entity,18781.32,5,3756.264
1060,4013.0,Chris Evans,Single Donation Entity,4837.0,1,4837.0
1061,4014.0,David Jones,Very Small Entity,14770.26,4,3692.565
1062,4015.0,Chris Leslie,Small Entity,44614.81,9,4957.201111111111
1063,4016.0,Karl Mccartney,Single Donation Entity,10397.0,1,10397.0
1064,4018.0,Stephen Phillips,Single Donation Entity,4837.0,1,4837.0
1065,4019.0,Naz Shah,Very Small Entity,5281.97,3,1760.6566666666668
1066,4022.0,European Movement Of Uk Ltd,Small Medium Entity,546239.0,54,10115.537037037036
1067,4027.0,Trade Unionists Against European Union,Small Medium Entity,168000.0,16,10500.0
1068,4031.0,Darren Grimes,Small Entity,1350630.3599999999,8,168828.79499999998
1069,4045.0,Imaginexit Limited,Very Small Entity,50000.0,5,10000.0
1070,4046.0,Friends Of Earth Trust,Very Small Entity,60000.0,2,30000.0
1071,4050.0,London First,Single Donation Entity,10000.0,1,10000.0
1072,4065.0,Scientists For Eu Limited,Very Small Entity,460000.0,4,115000.0
1073,4079.0,Bruges Group,Small Entity,100000.0,6,16666.666666666668
1074,4092.0,Edward Argar,Very Small Entity,13217.0,4,3304.25
1075,4093.0,Jonathan Ashworth,Very Small Entity,9050.0,2,4525.0
1076,4094.0,Chris Davies,Very Small Entity,16749.9,3,5583.3
1077,4095.0,Simon Hart,Small Entity,58231.66,9,6470.184444444445
1078,4096.0,Craig Mackinlay,Very Small Entity,4500.0,2,2250.0
1079,4097.0,Amanda Milling,Single Donation Entity,2000.0,1,2000.0
1080,4098.0,David Nuttall,Single Donation Entity,2179.18,1,2179.18
1081,4099.0,Paula Sherriff,Small Entity,28524.14,7,4074.8771428571426
1082,4100.0,Craig Tracey,Single Donation Entity,2000.0,1,2000.0
1083,4101.0,Martyn Underhill,Single Donation Entity,30000.0,1,30000.0
1084,4102.0,Peter Dowd,Single Donation Entity,3114.84,1,3114.84
1085,4103.0,Oliver Dowden,Very Small Entity,14867.0,2,7433.5
1086,4104.0,Lucy Frazer,Single Donation Entity,10867.0,1,10867.0
1087,4105.0,Kate Green,Very Small Entity,49005.0,5,9801.0
1088,4106.0,Julian Knight,Single Donation Entity,10867.0,1,10867.0
1089,4107.0,Christian Matheson,Very Small Entity,5685.0,2,2842.5
1090,4108.0,Callum Mccaig,Single Donation Entity,2075.0,1,2075.0
1091,4109.0,Jeff Smith,Very Small Entity,15168.82,3,5056.2733333333335
1092,4114.0,Veterans For Britain,Very Small Entity,200000.0,3,66666.66666666667
1093,4120.0,Michelle Ovens Ltd,Very Small Entity,195000.0,3,65000.0
1094,4130.0,Democracy Movement,Very Small Entity,845614.52,4,211403.63
1095,4135.0,Social Market Foundation,Single Donation Entity,12500.0,1,12500.0
1096,4139.0,We Are Europe,Small Medium Entity,685000.0,23,29782.608695652172
1097,4142.0,Wolfgang Tillmans,Very Small Entity,18000.0,2,9000.0
1098,4144.0,Labour Leave Limited,Small Entity,375000.0,9,41666.666666666664
1099,4154.0,Paul Dennett,Single Donation Entity,5000.0,1,5000.0
1100,4155.0,Paul Bell,Single Donation Entity,10000.0,1,10000.0
1101,4156.0,Jeremy Peter Middleton,Single Donation Entity,2000.0,1,2000.0
1102,4157.0,Flick Drummond,Single Donation Entity,2800.0,1,2800.0
1103,4158.0,Stephen Kinnock,Small Entity,34760.0,7,4965.714285714285
1104,4160.0,Mark Spencer,Single Donation Entity,3000.0,1,3000.0
1105,4164.0,Green-Leaves,Very Small Entity,20000.0,2,10000.0
1106,4171.0,Wake Up And Vote,Very Small Entity,200000.0,2,100000.0
1107,4173.0,Ddb Uk Limited,Small Entity,191000.0,7,27285.714285714286
1108,4174.0,Best For Our Future Ltd,Small Entity,848000.0,12,70666.66666666667
1109,4177.0,Edward Izzard,Very Small Entity,16500.0,2,8250.0
1110,4184.0,Economists For Brexit,Very Small Entity,60000.0,4,15000.0
1111,4185.0,MusliFor Gb Limited,Very Small Entity,20000.0,2,10000.0
1112,4188.0,Brexit Express,Small Entity,1256032.54,7,179433.22
1113,4189.0,Virgin Management Limited,Very Small Entity,420000.0,2,210000.0
1114,4200.0,Proud Robinson Ltd,Very Small Entity,76000.0,2,38000.0
1115,4202.0,Paul Monaghan,Single Donation Entity,3820.44,1,3820.44
1116,4203.0,Rebecca Bailey,Single Donation Entity,2200.0,1,2200.0
1117,4212.0,Economists For Remain,Single Donation Entity,22565.0,1,22565.0
1118,4236.0,Pat Mcfadden,Very Small Entity,23000.0,5,4600.0
1119,4237.0,Conor Mcginn,Very Small Entity,8431.1,4,2107.775
1120,4238.0,Maria Caulfield,Very Small Entity,4500.0,2,2250.0
1121,4239.0,James Davies,Single Donation Entity,2500.0,1,2500.0
1122,4240.0,Stuart Blair Donaldson,Very Small Entity,5871.0,2,2935.5
1123,4241.0,Yvonne Fovargue,Very Small Entity,6758.0599999999995,2,3379.0299999999997
1124,4242.0,Ranil Jayawardena,Small Entity,52567.56,6,8761.26
1125,4243.0,Steve Rotheram,Very Small Entity,33900.0,4,8475.0
1126,4244.0,Angela Smith,Single Donation Entity,2958.06,1,2958.06
1127,4247.0,Labour Tomorrow Ltd,Small Entity,335400.0,9,37266.666666666664
1128,5253.0,Momentum,Small Entity,96516.92,8,12064.615
1129,5254.0,Steve Double,Very Small Entity,43400.0,5,8680.0
1130,5255.0,Steve Bedser,Single Donation Entity,2341.64,1,2341.64
1131,5263.0,Rupa Huq,Very Small Entity,15181.92,5,3036.384
1132,5264.0,Mike Wood,Single Donation Entity,2500.0,1,2500.0
1133,5265.0,William Wragg,Single Donation Entity,2500.0,1,2500.0
1134,5266.0,Jamie Greene,Very Small Entity,8000.0,2,4000.0
1135,5267.0,Maurice Golden,Single Donation Entity,2000.0,1,2000.0
1136,5268.0,Douglas Ross,Single Donation Entity,2000.0,1,2000.0
1137,5269.0,Ross Thomson,Small Entity,52075.5,8,6509.4375
1138,5270.0,Jenny Gilruth,Single Donation Entity,8579.26,1,8579.26
1139,5271.0,Annie Wells,Single Donation Entity,2000.0,1,2000.0
1140,5277.0,Conservative Voice Limited,Very Small Entity,50000.0,3,16666.666666666668
1141,5279.0,Saving Labour,Small Entity,157460.0,7,22494.285714285714
1142,5280.0,Martyn Day,Single Donation Entity,4634.66,1,4634.66
1143,5281.0,Nigel Huddleston,Small Entity,17652.4,6,2942.066666666667
1144,5282.0,Chris Law,Single Donation Entity,4634.68,1,4634.68
1145,5283.0,Owen Smith,Small Medium Entity,866905.12,62,13982.34064516129
1146,5284.0,Andrew Turner,Single Donation Entity,2500.0,1,2500.0
1147,5285.0,Rachael Hamilton,Single Donation Entity,2000.0,1,2000.0
1148,5286.0,Oliver Mundell,Single Donation Entity,2000.0,1,2000.0
1149,6304.0,Alec Shelbrooke,Very Small Entity,4860.0,2,2430.0
1150,6305.0,Glyn Davies,Single Donation Entity,1768.0,1,1768.0
1151,6306.0,Ian Mearns,Very Small Entity,68082.0,4,17020.5
1152,6308.0,Michael Tomlinson,Small Entity,45147.82,8,5643.4775
1153,6309.0,Scott Mann,Very Small Entity,6800.0,2,3400.0
1154,6310.0,Stephen Gethins,Very Small Entity,9244.130000000001,3,3081.376666666667
1155,6311.0,Alexander Stewart,Single Donation Entity,6000.0,1,6000.0
1156,6312.0,Clare Haughey,Very Small Entity,8453.0,2,4226.5
1157,6326.0,Steven Paterson,Single Donation Entity,3800.0,1,3800.0
1158,6327.0,Michelle Thomson,Single Donation Entity,1685.94,1,1685.94
1159,6328.0,Dame Rosie Winterton,Very Small Entity,9600.0,3,3200.0
1160,6329.0,Chris Stephens,Very Small Entity,63336.0,3,21112.0
1161,6340.0,Tracy Brabin,Single Donation Entity,3400.0,1,3400.0
1162,6341.0,Ben Howlett,Single Donation Entity,3042.5,1,3042.5
1163,6345.0,Keir Starmer,Very Small Entity,10547.45,2,5273.725
1164,6346.0,Wes Streeting,Small Entity,46055.06,8,5756.8825
1165,6375.0,Louise Haigh,Single Donation Entity,2900.0,1,2900.0
1166,6376.0,Liz Mcinnes,Single Donation Entity,2439.0,1,2439.0
1167,6377.0,Richard Fuller,Single Donation Entity,10000.0,1,10000.0
1168,6378.0,Ruth Smeeth,Single Donation Entity,3000.0,1,3000.0
1169,6397.0,Alan Brown,Single Donation Entity,5100.0,1,5100.0
1170,6398.0,Gavin Newlands,Single Donation Entity,5100.0,1,5100.0
1171,6399.0,Jack Dromey,Single Donation Entity,5000.0,1,5000.0
1172,6400.0,Kate Hollern,Very Small Entity,14359.0,2,7179.5
1173,6417.0,Sean Anstee,Small Medium Entity,100838.77,20,5041.9385
1174,6422.0,Sion Simon,Single Donation Entity,4321.0,1,4321.0
1175,6423.0,Andrew Bingham,Single Donation Entity,1840.0,1,1840.0
1176,6424.0,Jo Churchill,Single Donation Entity,5100.0,1,5100.0
1177,6425.0,Steve Reed,Very Small Entity,17052.23,4,4263.0575
1178,6427.0,Karin Smyth,Single Donation Entity,3124.55,1,3124.55
1179,6440.0,Uk-Eu Open Policy Limited (Campaign Name: Best For Britain),Small Entity,140000.0,6,23333.333333333332
1180,6462.0,Open Britain Ltd,Very Small Entity,88298.23,2,44149.115
1181,6464.0,World Transformed,Single Donation Entity,30232.76,1,30232.76
1182,6467.0,Referendum Facts Ltd (Campaign Name: Infacts),Small Entity,125870.0,9,13985.555555555555
1183,6468.0,People's Assembly Against Austerity,Small Medium Entity,141540.06,18,7863.336666666666
1184,6470.0,Represent Us Limited,Single Donation Entity,4233.33,1,4233.33
1185,6484.0,Henry Porter,Very Small Entity,53350.0,5,10670.0
1186,6485.0,Labour Campaign For Human Rights,Very Small Entity,58334.0,5,11666.8
1187,6487.0,Simon Day,Single Donation Entity,1650.0,1,1650.0
1188,6489.0,Marie Rimmer,Very Small Entity,12073.0,3,4024.3333333333335
1189,6490.0,John Penrose,Single Donation Entity,5190.14,1,5190.14
1190,6502.0,Compass,Very Small Entity,64000.0,5,12800.0
1191,6537.0,Abisola Ifasawo,Single Donation Entity,1650.0,1,1650.0
1192,6538.0,Andrew Milligan,Single Donation Entity,1650.0,1,1650.0
1193,6539.0,Gareth Wallace,Single Donation Entity,1650.0,1,1650.0
1194,6540.0,Beth Prescott,Single Donation Entity,1650.0,1,1650.0
1195,6541.0,Labour Tribunes Group,Very Small Entity,35000.0,3,11666.666666666666
1196,6542.0,European Research Group (Erg),Single Donation Entity,10000.0,1,10000.0
1197,6543.0,Bleddyn William Vaughan Rees,Single Donation Entity,1650.0,1,1650.0
1198,6545.0,Sheena Tranter,Single Donation Entity,1650.0,1,1650.0
1199,6546.0,Robert Brian Hamill,Single Donation Entity,10000.0,1,10000.0
1200,6550.0,Deidre Brock,Very Small Entity,4400.0,2,2200.0
1201,6551.0,Lilian Greenwood,Very Small Entity,6767.62,4,1691.905
1202,6552.0,Simon Hoare,Very Small Entity,14787.0,3,4929.0
1203,6553.0,Imran Hussain,Very Small Entity,9397.24,4,2349.31
1204,6554.0,Seema Kennedy,Very Small Entity,5687.0,2,2843.5
1205,6555.0,Brendan O'Hara,Very Small Entity,9783.19,4,2445.7975
1206,6556.0,Antoinette Sandbach,Very Small Entity,5748.0,2,2874.0
1207,6557.0,Mark Williams,Single Donation Entity,1600.0,1,1600.0
1208,6590.0,Joseph Johnson,Small Entity,29295.64,7,4185.091428571429
1209,6592.0,Rosena Allin-Khan,Small Entity,33958.28,7,4851.182857142857
1210,6593.0,Dan Carden,Very Small Entity,19412.75,3,6470.916666666667
1211,6595.0,Renew,Small Medium Entity,429395.36,18,23855.297777777778
1212,6603.0,Hatch Connect Uk Ltd,Small Entity,70000.0,6,11666.666666666666
1213,6620.0,Mary Glindon,Small Entity,51013.5,10,5101.35
1214,6621.0,Angela Burns,Single Donation Entity,2000.0,1,2000.0
1215,6622.0,Darren Millar,Very Small Entity,6186.0,3,2062.0
1216,6623.0,Mark Isherwood,Single Donation Entity,2000.0,1,2000.0
1217,6624.0,Russell George,Very Small Entity,4431.71,2,2215.855
1218,6626.0,Richard Minshull,Single Donation Entity,2000.0,1,2000.0
1219,6627.0,Mohammad Yasin,Single Donation Entity,1586.5,1,1586.5
1220,6628.0,Suzy Davies,Single Donation Entity,2000.0,1,2000.0
1221,6630.0,Damien Egan,Single Donation Entity,4000.0,1,4000.0
1222,6633.0,Lloyd Russell-Moyle,Small Entity,16209.1,6,2701.516666666667
1223,6644.0,Tomos Davies,Single Donation Entity,2000.0,1,2000.0
1224,6645.0,Alex Burghart,Single Donation Entity,7800.0,1,7800.0
1225,6646.0,Leo Docherty,Small Entity,33974.85,6,5662.474999999999
1226,6647.0,Damien Moore,Very Small Entity,20772.82,5,4154.564
1227,6648.0,Chris Thorne,Single Donation Entity,2000.0,1,2000.0
1228,6668.0,Simon Clarke,Small Entity,49900.0,10,4990.0
1229,6669.0,Claire Clay,Single Donation Entity,8940.0,1,8940.0
1230,6670.0,Labour Network In England Ltd,Single Donation Entity,10000.0,1,10000.0
1231,6674.0,Daniel Johnson,Single Donation Entity,6400.0,1,6400.0
1232,6675.0,Jeremy Balfour,Single Donation Entity,6500.0,1,6500.0
1233,6683.0,Ian Paisley Mp,Very Small Entity,11386.26,3,3795.42
1234,6691.0,Preet Kaur Gill,Very Small Entity,8262.45,3,2754.15
1235,6692.0,David Linden,Single Donation Entity,1989.48,1,1989.48
1236,6694.0,Philippa Whitford,Very Small Entity,6451.16,3,2150.3866666666668
1237,6695.0,Anna Mcmorrin,Very Small Entity,9232.43,2,4616.215
1238,6696.0,Gavin Williamson,Very Small Entity,30000.0,2,15000.0
1239,6697.0,Richard Leonard,Small Entity,63130.0,7,9018.57142857143
1240,6713.0,Aspire,Very Small Entity,9872.880000000001,2,4936.4400000000005
1241,6719.0,Veterans And People's Party,Single Donation Entity,1000.0,1,1000.0
1242,6737.0,Valerie Wise,Single Donation Entity,1973.62,1,1973.62
1243,6739.0,Duma Polska = Polish Pride,Small Medium Entity,58600.0,22,2663.6363636363635
1244,6756.0,Jonathan Lord,Single Donation Entity,1819.0,1,1819.0
1245,6776.0,Neil Bibby,Single Donation Entity,5000.0,1,5000.0
1246,6777.0,Andrew Bowie,Very Small Entity,4650.0,2,2325.0
1247,6778.0,Richard Burgon,Single Donation Entity,1735.78,1,1735.78
1248,6779.0,Gill Furniss,Single Donation Entity,4600.0,1,4600.0
1249,6780.0,Hugh Gaffney,Single Donation Entity,3000.0,1,3000.0
1250,6781.0,Khalid Mahmood,Very Small Entity,6600.0,2,3300.0
1251,6782.0,Paul Masterton,Single Donation Entity,2600.0,1,2600.0
1252,6783.0,Faisal Rashid,Very Small Entity,7022.17,2,3511.085
1253,6784.0,Thelma Walker,Single Donation Entity,1721.69,1,1721.69
1254,6785.0,Miss Kate Forbes,Single Donation Entity,1700.0,1,1700.0
1255,6799.0,Iain Carter,Single Donation Entity,2500.0,1,2500.0
1256,6800.0,Alan Waltham,Single Donation Entity,2500.0,1,2500.0
1257,6801.0,Franklin Roe,Single Donation Entity,2500.0,1,2500.0
1258,6811.0,Bob Seely,Single Donation Entity,2950.0,1,2950.0
1259,6812.0,Christine Jardine,Single Donation Entity,1891.21,1,1891.21
1260,6813.0,Judith Cummins,Very Small Entity,3033.5,2,1516.75
1261,6814.0,Liz Saville Roberts,Small Entity,38665.4,7,5523.628571428571
1262,6815.0,Paul Williams,Single Donation Entity,8762.0,1,8762.0
1263,6822.0,Stephen Morgan,Very Small Entity,5600.0,2,2800.0
1264,6829.0,Mr Gregory Campbell Mp,Single Donation Entity,2700.0,1,2700.0
1265,6830.0,The Rt Hon Nigel Dodds Mp,Single Donation Entity,2700.0,1,2700.0
1266,6831.0,Paul Girvan Mp,Single Donation Entity,2700.0,1,2700.0
1267,6832.0,Emma Little-Pengelly Mp,Single Donation Entity,2700.0,1,2700.0
1268,6842.0,Janet Daby,Very Small Entity,5235.0,2,2617.5
1269,6843.0,Dean Lockhart,Single Donation Entity,2000.0,1,2000.0
1270,6844.0,Both Unions Party Of Northern Ireland,Single Donation Entity,16810.0,1,16810.0
1271,6846.0,Ben Houchen,Small Entity,23300.0,6,3883.3333333333335
1272,6853.0,Darren Jones,Very Small Entity,49992.65,5,9998.53
1273,6854.0,Stephen Kerr,Single Donation Entity,1600.57,1,1600.57
1274,6855.0,Ms Michelle Mcilveen,Single Donation Entity,2144.0,1,2144.0
1275,6856.0,Mr Gary Middleton,Single Donation Entity,2144.0,1,2144.0
1276,6857.0,Mr Jonathan Buckley,Very Small Entity,10644.0,2,5322.0
1277,6858.0,Mr William Humphrey,Single Donation Entity,2144.0,1,2144.0
1278,6859.0,Jackson Carlaw,Single Donation Entity,2200.0,1,2200.0
1279,6862.0,Bill Bowman,Single Donation Entity,2200.0,1,2200.0
1280,6863.0,Maurice Corry,Single Donation Entity,2200.0,1,2200.0
1281,6864.0,Michelle Ballantyne,Single Donation Entity,3675.0,1,3675.0
1282,6865.0,Tom Arthur,Single Donation Entity,6000.0,1,6000.0
1283,6870.0,Richard Lyle,Single Donation Entity,2200.0,1,2200.0
1284,6871.0,Mary Fee,Single Donation Entity,2200.0,1,2200.0
1285,6890.0,Joy Morrissey,Single Donation Entity,5000.0,1,5000.0
1286,6893.0,Gillian Keegan,Single Donation Entity,1948.13,1,1948.13
1287,6894.0,Suella Braverman,Very Small Entity,8404.21,3,2801.403333333333
1288,6896.0,Stephen Lloyd,Single Donation Entity,1600.57,1,1600.57
1289,6897.0,Layla Moran,Single Donation Entity,1948.13,1,1948.13
1290,6898.0,Shaun Bailey,Small Entity,210750.0,11,19159.090909090908
1291,6899.0,Vaughan Gething,Small Entity,91200.0,10,9120.0
1292,6914.0,Patrick Grady,Single Donation Entity,4678.0,1,4678.0
1293,7916.0,Remain Labour Ltd,Very Small Entity,20000.0,3,6666.666666666667
1294,7917.0,Ben Bradley,Very Small Entity,36000.0,3,12000.0
1295,7931.0,Brexit Party,Small Medium Entity,1068902.01,34,31438.294411764706
1296,7933.0,Mark Drakeford,Very Small Entity,11379.0,3,3793.0
1297,7934.0,Andrew Lewin,Single Donation Entity,5000.0,1,5000.0
1298,7935.0,Steve Brine,Single Donation Entity,2500.0,1,2500.0
1299,7936.0,Marcus Fysh,Single Donation Entity,2574.0,1,2574.0
1300,7939.0,Máirtín Ó Muilleoir,Single Donation Entity,4018.48,1,4018.48
1301,7940.0,Carolyn Harris,Single Donation Entity,2600.0,1,2600.0
1302,7941.0,Neil Coyle,Very Small Entity,10300.11,2,5150.055
1303,7942.0,Tanmanjeet Singh Dhesi,Single Donation Entity,3595.0,1,3595.0
1304,7943.0,Trudy Harrison,Very Small Entity,12191.11,2,6095.555
1305,7944.0,Sue Hayman,Single Donation Entity,9559.83,1,9559.83
1306,7945.0,Wera Hobhouse,Very Small Entity,14000.0,2,7000.0
1307,7969.0,John Baron,Single Donation Entity,6048.02,1,6048.02
1308,7970.0,Laura Devlin,Single Donation Entity,3150.0,1,3150.0
1309,7971.0,Mr Colin Mcgrath,Single Donation Entity,6100.0,1,6100.0
1310,7972.0,Steve Aiken,Single Donation Entity,7897.47,1,7897.47
1311,7975.0,Mr Declan Kearney,Single Donation Entity,6055.82,1,6055.82
1312,7978.0,Mr Christopher Stalford,Single Donation Entity,5872.43,1,5872.43
1313,7979.0,Ms Claire Sugden,Single Donation Entity,4000.0,1,4000.0
1314,8015.0,Andy Street,Small Medium Entity,483773.33,75,6450.311066666667
1315,8018.0,Naomi Long,Single Donation Entity,5691.54,1,5691.54
1316,8019.0,Rosie Duffield,Very Small Entity,2333.4,2,1166.7
1317,8020.0,Seema Malhotra,Single Donation Entity,3147.0,1,3147.0
1318,8021.0,Labour For A Public-Vote,Small Entity,205375.0,13,15798.076923076924
1319,8025.0,Eddie Hughes,Very Small Entity,7277.5,2,3638.75
1320,9050.0,Brexit Express (Be),Very Small Entity,8851.2,3,2950.4
1321,9054.0,Stephen Doughty,Small Entity,14750.0,8,1843.75
1322,9055.0,Afzal Khan,Very Small Entity,4323.0,2,2161.5
1323,9057.0,Órlaithí Flynn,Single Donation Entity,10000.0,1,10000.0
1324,9077.0,Independent Group For Change,Small Entity,267220.0,9,29691.11111111111
1325,9108.0,Elizabeth Truss,Single Donation Entity,8200.54,1,8200.54
1326,9109.0,Mandy Jones Am,Single Donation Entity,2431.71,1,2431.71
1327,9110.0,Jenny Rathbone,Single Donation Entity,2431.71,1,2431.71
1328,9111.0,Llyr Gruffydd Am,Single Donation Entity,2431.71,1,2431.71
1329,9112.0,Alun Davies,Single Donation Entity,2431.71,1,2431.71
1330,9116.0,Mr Conor Keenan,Single Donation Entity,1887.89,1,1887.89
1331,9117.0,Gary Fleming,Single Donation Entity,1887.89,1,1887.89
1332,9118.0,Right To Vote,Small Entity,300000.0,11,27272.727272727272
1333,9144.0,Bim Afolami,Single Donation Entity,2000.0,1,2000.0
1334,9150.0,Alex Sobel,Single Donation Entity,1502.46,1,1502.46
1335,9179.0,Mickey Brady,Single Donation Entity,1922.1,1,1922.1
1336,9180.0,Paul Maskey,Very Small Entity,2800.35,2,1400.175
1337,9181.0,Elisha Mccallion,Single Donation Entity,1809.74,1,1809.74
1338,9183.0,Bambos Charalambous,Very Small Entity,4429.58,2,2214.79
1339,9184.0,Mr Chris Hazzard,Single Donation Entity,3030.0,1,3030.0
1340,9186.0,London And Northern Dining Club,Single Donation Entity,10000.0,1,10000.0
1341,9201.0,Blue Collar Conservatism Ltd,Very Small Entity,39000.0,5,7800.0
1342,9203.0,Esther Mcvey,Very Small Entity,15550.0,4,3887.5
1343,9204.0,Sam Gyimah,Very Small Entity,15064.0,4,3766.0
1344,9205.0,Heidi Allen,Single Donation Entity,5000.0,1,5000.0
1345,9206.0,Elizabeth Savage,Single Donation Entity,2187.55,1,2187.55
1346,9216.0,Kieran Mullan,Single Donation Entity,5000.0,1,5000.0
1347,9221.0,Toby Perkins,Single Donation Entity,3000.0,1,3000.0
1348,9222.0,Jack Rankin,Single Donation Entity,2000.0,1,2000.0
1349,9223.0,Mario Creatura,Single Donation Entity,2000.0,1,2000.0
1350,10227.0,Matthew Barber,Single Donation Entity,2000.0,1,2000.0
1351,10228.0,Tom Hunt,Single Donation Entity,2000.0,1,2000.0
1352,10229.0,Miriam Cates,Single Donation Entity,2000.0,1,2000.0
1353,10230.0,Peter Gibson,Single Donation Entity,2000.0,1,2000.0
1354,10231.0,Laura Evans,Single Donation Entity,2000.0,1,2000.0
1355,10233.0,Matthew Vickers,Single Donation Entity,2000.0,1,2000.0
1356,10234.0,Scott Benton,Single Donation Entity,2500.0,1,2500.0
1357,10235.0,Siobhan Baillie,Single Donation Entity,2000.0,1,2000.0
1358,10262.0,Resham Kotecha,Single Donation Entity,2500.0,1,2500.0
1359,10263.0,Jonathan Gullis,Single Donation Entity,2500.0,1,2500.0
1360,10264.0,Robert Largan,Single Donation Entity,2000.0,1,2000.0
1361,10265.0,Jane Dodds,Very Small Entity,3529.41,2,1764.705
1362,10266.0,Phil Wilson,Single Donation Entity,2000.0,1,2000.0
1363,10267.0,Scottish Unionist Association Trust,Very Small Entity,218870.07,3,72956.69
